CODI_PROVINCIA,PROVINCIA,CODI_MUNICIPI,MUNICIPI,ESTACIO,CODI_CONTAMINANT,ANY,MES,DIA,H01,V01,H02,V02,H03,V03,H04,V04,H05,V05,H06,V06,H07,V07,H08,V08,H09,V09,H10,V10,H11,V11,H12,V12,H13,V13,H14,V14,H15,V15,H16,V16,H17,V17,H18,V18,H19,V19,H20,V20,H21,V21,H22,V22,H23,V23,H24,V24
08,Barcelona,019,Barcelona,043,999,2022,4,18,24.2,V,22.2,V,20.1,V,16.9,V,14.9,V,20.5,V,24.1,V,23.2,V,20.5,V,20.4,V,18.7,V,16.2,V,19.4,V,19,V,18.1,V,22.4,V,18.8,V,20.3,V,20.2,V,20,V,23.1,V,19.6,V,18.6,V,20.9,V
08,Barcelona,019,Barcelona,043,999,2022,4,19,19.2,V,10.9,V,14.6,V,17,V,17.2,V,18.7,V,21.3,V,22.5,V,14.2,V,14.9,V,15.8,V,15,V,14.2,V,14.7,V,15,V,14,V,14.6,V,16.1,V,17.1,V,18.2,V,17.1,V,14.7,V,17.3,V,18.2,V
08,Barcelona,019,Barcelona,043,999,2022,4,20,19.5,V,22.3,V,20.2,V,20.1,V,20.5,V,18.7,V,16.8,V,16.2,V,14.7,V,15.7,V,17,V,17.6,V,17.8,V,17.8,V,18,V,16.3,V,16.8,V,17.1,V,18.3,V,16.5,V,17.2,V,21.7,V,17.3,V,22.2,V
08,Barcelona,019,Barcelona,043,999,2022,4,21,28.5,V,25.3,V,26.9,V,30.2,V,19.1,V,26.6,V,23.6,V,18.2,V,18.8,V,22,V,16,V,,N,,N,,N,,N,,N,,N,,N,,N,,N,,N,,N,,N,,N
08,Barcelona,019,Barcelona,054,999,2022,4,18,13.1,V,12.4,V,12.2,V,13.3,V,13.8,V,12.8,V,12.5,V,12.7,V,14.8,V,18.4,V,22.2,V,12.7,V,11.8,V,17.8,V,16.9,V,19.9,V,24.2,V,23.2,V,18.8,V,14.9,V,16.8,V,16.1,V,13.7,V,9.8,V
08,Barcelona,019,Barcelona,054,999,2022,4,19,13.6,V,16.9,V,16.8,V,18,V,16.5,V,13.6,V,9.5,V,7.8,V,11,V,10.9,V,11.5,V,11.6,V,10.8,V,11.8,V,14.4,V,14.6,V,17.2,V,20.7,V,17.6,V,19.5,V,14.1,V,12.5,V,14.6,V,14.9,V
08,Barcelona,019,Barcelona,054,999,2022,4,20,16.6,V,17.4,V,19.8,V,21.9,V,19.4,V,14.6,V,11.2,V,8.6,V,10.8,V,9.5,V,,N,,N,,N,13.1,V,14.8,V,13.6,V,11.8,V,13.5,V,14.4,V,14.4,V,14.9,V,15.5,V,16.6,V,20.5,V
08,Barcelona,019,Barcelona,054,999,2022,4,21,19.8,V,16.6,V,18.3,V,24.5,V,20.5,V,21.2,V,15.5,V,7.5,V,8.8,V,9.5,V,9.8,V,,N,,N,,N,,N,,N,,N,,N,,N,,N,,N,,N,,N,,N
08,Barcelona,019,Barcelona,043,22,2022,4,18,745,V,738,V,1162,V,2027,V,1826,V,1188,V,817,V,1148,V,1611,V,3143,V,2465,V,2234,V,1426,V,1334,V,1104,V,717,V,721,V,1256,V,1198,V,1539,V,1556,V,1108,V,1230,V,886,V
08,Barcelona,019,Barcelona,043,22,2022,4,19,1286,V,2436,V,1862,V,2036,V,1586,V,1539,V,2166,V,3923,V,4113,V,4055,V,2932,V,4291,V,2793,V,2644,V,2377,V,2463,V,1743,V,1644,V,1400,V,1479,V,1898,V,2095,V,1831,V,1556,V
08,Barcelona,019,Barcelona,043,22,2022,4,20,1424,V,1096,V,989,V,672,V,591,V,626,V,709,V,1099,V,1238,V,1355,V,1196,V,1085,V,1184,V,1330,V,1331,V,1002,V,1402,V,1204,V,1218,V,1205,V,1117,V,900,V,964,V,636,V
08,Barcelona,019,Barcelona,043,22,2022,4,21,389,V,312,V,213,V,206,V,337,V,257,V,1007,V,1990,V,1963,V,2397,V,1603,V,,N,,N,,N,,N,,N,,N,,N,,N,,N,,N,,N,,N,,N
08,Barcelona,019,Barcelona,054,22,2022,4,18,1078,V,904,V,905,V,812,V,814,V,1331,V,1335,V,1290,V,1017,V,792,V,474,V,1039,V,1096,V,981,V,1001,V,557,V,452,V,536,V,602,V,735,V,752,V,732,V,727,V,1334,V
08,Barcelona,019,Barcelona,054,22,2022,4,19,1140,V,566,V,537,V,510,V,619,V,1118,V,2432,V,4131,V,1785,V,1818,V,1765,V,2593,V,1793,V,1235,V,969,V,917,V,643,V,520,V,608,V,581,V,903,V,1362,V,1234,V,1106,V
08,Barcelona,019,Barcelona,054,22,2022,4,20,1064,V,1168,V,862,V,652,V,647,V,945,V,1368,V,1672,V,967,V,919,V,,N,,N,,N,760,V,681,V,839,V,866,V,703,V,657,V,719,V,752,V,604,V,684,V,389,V
08,Barcelona,019,Barcelona,054,22,2022,4,21,241,V,204,V,168,V,140,V,202,V,206,V,436,V,1462,V,1373,V,942,V,973,V,,N,,N,,N,,N,,N,,N,,N,,N,,N,,N,,N,,N,,N
08,Barcelona,019,Barcelona,043,6,2022,4,18,0.2,V,0.2,V,0.2,V,0.2,V,0.2,V,0.2,V,0.2,V,0.2,V,0.3,V,0.3,V,0.3,V,0.3,V,0.2,V,0.2,V,0.2,V,0.2,V,0.2,V,0.2,V,0.2,V,0.4,V,0.4,V,0.3,V,0.3,V,0.3,V
08,Barcelona,019,Barcelona,043,6,2022,4,19,0.3,V,0.2,V,0.2,V,0.2,V,0.2,V,0.2,V,0.3,V,0.6,V,0.8,V,0.7,V,0.5,V,0.6,V,0.4,V,0.6,V,0.4,V,0.5,V,0.3,V,0.3,V,0.5,V,0.6,V,0.5,V,0.5,V,0.5,V,0.4,V
08,Barcelona,019,Barcelona,043,6,2022,4,20,0.3,V,0.2,V,0.2,V,0.2,V,0.2,V,0.2,V,0.2,V,0.2,V,0.2,V,0.3,V,0.2,V,0.2,V,0.2,V,0.2,V,0.3,V,0.2,V,0.2,V,0.2,V,0.2,V,0.2,V,0.2,V,0.2,V,0.2,V,0.2,V
08,Barcelona,019,Barcelona,043,6,2022,4,21,0.2,V,0.2,V,0.2,V,0.2,V,0.2,V,0.2,V,0.2,V,0.5,V,0.5,V,0.5,V,0.3,V,,N,,N,,N,,N,,N,,N,,N,,N,,N,,N,,N,,N,,N
08,Barcelona,019,Barcelona,044,6,2022,4,18,0.2,V,0.2,V,0.2,V,0.2,V,0.2,V,0.2,V,0.2,V,0.2,V,0.2,V,0.2,V,0.2,V,0.2,V,0.2,V,0.2,V,0.2,V,0.2,V,0.2,V,0.2,V,0.2,V,0.2,V,0.2,V,0.2,V,0.2,V,0.2,V
08,Barcelona,019,Barcelona,044,6,2022,4,19,0.2,V,0.2,V,0.2,V,0.2,V,0.2,V,0.2,V,0.2,V,0.2,V,0.2,V,0.3,V,0.2,V,0.4,V,0.2,V,0.2,V,0.2,V,0.2,V,0.2,V,0.2,V,0.2,V,0.3,V,0.3,V,0.2,V,0.2,V,0.2,V
08,Barcelona,019,Barcelona,044,6,2022,4,20,0.2,V,0.2,V,0.2,V,0.2,V,0.2,V,0.2,V,0.2,V,0.2,V,0.2,V,0.2,V,0.2,V,0.2,V,0.2,V,0.2,V,0.2,V,0.2,V,0.2,V,0.2,V,0.2,V,0.2,V,0.2,V,0.2,V,0.2,V,0.2,V
08,Barcelona,019,Barcelona,044,6,2022,4,21,0.2,V,0.2,V,0.2,V,0.2,V,0.2,V,0.2,V,0.2,V,0.2,V,0.3,V,0.3,V,0.2,V,,N,,N,,N,,N,,N,,N,,N,,N,,N,,N,,N,,N,,N
08,Barcelona,019,Barcelona,057,6,2022,4,18,0.2,V,0.2,V,0.2,V,0.2,V,0.2,V,0.2,V,0.2,V,0.2,V,0.2,V,0.2,V,0.2,V,0.2,V,0.2,V,0.2,V,0.2,V,0.2,V,0.2,V,0.2,V,0.2,V,0.2,V,0.2,V,0.2,V,0.2,V,0.2,V
08,Barcelona,019,Barcelona,057,6,2022,4,19,0.2,V,0.2,V,0.2,V,0.2,V,0.2,V,0.2,V,0.2,V,0.2,V,0.3,V,0.3,V,0.2,V,0.2,V,0.2,V,0.2,V,0.2,V,0.2,V,0.2,V,0.2,V,0.2,V,0.2,V,0.2,V,0.2,V,0.2,V,0.2,V
08,Barcelona,019,Barcelona,057,6,2022,4,20,0.2,V,0.2,V,0.2,V,0.2,V,0.2,V,0.2,V,0.2,V,0.2,V,0.2,V,0.2,V,0.2,V,0.2,V,0.2,V,0.2,V,0.2,V,0.2,V,0.2,V,0.2,V,0.2,V,0.2,V,0.2,V,0.2,V,0.2,V,0.2,V
08,Barcelona,019,Barcelona,057,6,2022,4,21,0.2,V,0.2,V,0.2,V,0.2,V,0.2,V,0.2,V,0.2,V,0.2,V,0.2,V,,N,,N,,N,,N,,N,,N,,N,,N,,N,,N,,N,,N,,N,,N,,N
08,Barcelona,019,Barcelona,054,6,2022,4,18,0.3,V,0.3,V,0.3,V,0.3,V,0.3,V,0.3,V,0.3,V,0.3,V,0.2,V,0.2,V,0.2,V,0.2,V,0.2,V,0.2,V,0.2,V,0.2,V,0.2,V,0.2,V,0.2,V,0.2,V,0.2,V,0.2,V,0.2,V,0.3,V
08,Barcelona,019,Barcelona,054,6,2022,4,19,0.3,V,0.2,V,0.2,V,0.2,V,0.2,V,0.2,V,0.3,V,0.6,V,0.3,V,0.3,V,0.3,V,0.4,V,0.3,V,0.2,V,0.2,V,0.2,V,0.2,V,0.2,V,0.2,V,0.2,V,0.3,V,0.3,V,0.3,V,0.3,V
08,Barcelona,019,Barcelona,054,6,2022,4,20,0.3,V,0.2,V,0.2,V,0.2,V,0.2,V,0.2,V,0.3,V,0.3,V,0.2,V,0.2,V,,N,,N,,N,0.2,V,0.2,V,0.2,V,0.2,V,0.2,V,0.2,V,0.2,V,0.2,V,0.2,V,0.2,V,0.2,V
08,Barcelona,019,Barcelona,054,6,2022,4,21,0.2,V,0.2,V,0.2,V,0.2,V,0.2,V,0.2,V,0.2,V,0.3,V,0.2,V,0.2,V,0.2,V,,N,,N,,N,,N,,N,,N,,N,,N,,N,,N,,N,,N,,N
08,Barcelona,019,Barcelona,043,997,2022,4,18,3838,V,3838,V,3837.4,V,3834.7,V,3828.7,V,3826.6,V,3826,V,3826,V,3826,V,3828.4,V,3838,V,3833.8,V,3827.2,V,3826.1,V,3826,V,3826,V,3826,V,3826,V,3826,V,3825.8,V,3824.7,V,3822.1,V,3829.6,V,3840.3,V
08,Barcelona,019,Barcelona,043,997,2022,4,19,3838.1,V,3838,V,3838,V,3837.9,V,3836.4,V,3835,V,3830,V,3839.1,V,3849.3,V,3838.7,V,3838,V,3838,V,3836.9,V,3858,V,3851,V,3850.2,V,3844.2,V,3838.4,V,3838,V,3838,V,3838,V,3836.9,V,3833.9,V,3855.2,V
08,Barcelona,019,Barcelona,043,997,2022,4,20,3849.9,V,3844.6,V,3841.4,V,3839,V,3838.1,V,3838,V,3838,V,3838,V,3838,V,3838,V,3837.5,V,3834.7,V,3829.9,V,3826.9,V,3826,V,3845.5,V,3837.5,V,3831.9,V,3826.3,V,3826,V,3826,V,3826,V,3826,V,3826,V
08,Barcelona,019,Barcelona,043,997,2022,4,21,3826,V,3826,V,3825.3,V,3824.2,V,3822.4,V,3821.2,V,3817.6,V,3813.5,V,3813,V,3813,V,3850.7,V,,N,,N,,N,,N,,N,,N,,N,,N,,N,,N,,N,,N,,N
08,Barcelona,019,Barcelona,054,997,2022,4,18,3855.4,V,3868,V,3865.1,V,3855.8,V,3855,V,3855,V,3855,V,3854.9,V,3847.9,V,3843.1,V,3843,V,3843,V,3843,V,3843,V,3843,V,3843,V,3842.8,V,3839.6,V,3832.8,V,3830.2,V,3850,V,3855,V,3855,V,3855,V
08,Barcelona,019,Barcelona,054,997,2022,4,19,3855,V,3854.2,V,3847.4,V,3843.2,V,3843,V,3843,V,3843,V,3837.8,V,3830,V,3830,V,3856.6,V,3865.9,V,3855.6,V,3855,V,3855,V,3855,V,3855,V,3855,V,3853.2,V,3846.8,V,3843.2,V,3843,V,3843,V,3843,V
08,Barcelona,019,Barcelona,054,997,2022,4,20,3843,V,3843,V,3853.6,V,3839.8,V,3831.5,V,3830,V,3830,V,3830,V,3830,V,3828.7,V,,N,,N,,N,3818,V,3818,V,3818,V,3818,V,3816.3,V,3809.7,V,3805.3,V,3805,V,3805,V,3805,V,3805,V
08,Barcelona,019,Barcelona,054,997,2022,4,21,3805,V,3805,V,3805,V,3805,V,3805,V,3824.1,V,3868,V,3867.4,V,3860.2,V,3855.4,V,3855,V,,N,,N,,N,,N,,N,,N,,N,,N,,N,,N,,N,,N,,N
08,Barcelona,019,Barcelona,043,996,2022,4,18,1166.7,V,1166.9,V,1167.3,V,1169.9,V,1176,V,1178.2,V,1178.8,V,1178.9,V,1178.8,V,1176.4,V,1166.8,V,1171,V,1177.7,V,1178.9,V,1179,V,1179.1,V,1178.9,V,1179,V,1179,V,1179,V,1180.3,V,1182.9,V,1175.3,V,1164.5,V
08,Barcelona,019,Barcelona,043,996,2022,4,19,1166.6,V,1166.6,V,1166.8,V,1166.9,V,1168.5,V,1169.8,V,1174.8,V,1165.9,V,1155.5,V,1166,V,1166.8,V,1166.8,V,1167.9,V,1146.8,V,1153.7,V,1154.7,V,1160.7,V,1166.5,V,1166.8,V,1166.8,V,1167,V,1168.1,V,1170.9,V,1149.9,V
08,Barcelona,019,Barcelona,043,996,2022,4,20,1155,V,1160.3,V,1163.5,V,1165.9,V,1166.8,V,1166.6,V,1166.9,V,1167,V,1166.6,V,1166.8,V,1167.3,V,1170,V,1174.8,V,1177.8,V,1178.8,V,1159.3,V,1167.3,V,1172.6,V,1178.4,V,1178.6,V,1178.9,V,1178.7,V,1178.7,V,1178.7,V
08,Barcelona,019,Barcelona,043,996,2022,4,21,1178.8,V,1178.8,V,1179.6,V,1180.7,V,1182.6,V,1183.7,V,1187.3,V,1191.3,V,1191.9,V,1191.8,V,1154,V,,N,,N,,N,,N,,N,,N,,N,,N,,N,,N,,N,,N,,N
08,Barcelona,019,Barcelona,054,996,2022,4,18,1113.6,V,1101,V,1104,V,1113.2,V,1114,V,1114,V,1114,V,1114.1,V,1121.1,V,1125.9,V,1126,V,1126,V,1126,V,1126,V,1126,V,1126,V,1126.2,V,1129.4,V,1136.2,V,1138.9,V,1119,V,1114,V,1114,V,1114,V
08,Barcelona,019,Barcelona,054,996,2022,4,19,1114,V,1114.8,V,1121.7,V,1125.8,V,1126,V,1126,V,1126,V,1131.2,V,1139,V,1139,V,1112.4,V,1103.1,V,1113.4,V,1114,V,1114,V,1114,V,1114,V,1114,V,1115.9,V,1122.2,V,1125.8,V,1126,V,1126,V,1126,V
08,Barcelona,019,Barcelona,054,996,2022,4,20,1126,V,1126,V,1115.4,V,1129.2,V,1137.5,V,1139,V,1139,V,1139,V,1139,V,1140.3,V,,N,,N,,N,1151,V,1151,V,1151,V,1151,V,1152.7,V,1159.3,V,1163.7,V,1164,V,1164,V,1164,V,1164,V
08,Barcelona,019,Barcelona,054,996,2022,4,21,1164,V,1164,V,1164,V,1164,V,1164,V,1144.9,V,1101,V,1101.6,V,1108.8,V,1113.6,V,1114,V,,N,,N,,N,,N,,N,,N,,N,,N,,N,,N,,N,,N,,N
08,Barcelona,019,Barcelona,043,998,2022,4,18,5004.7,V,5004.9,V,5004.7,V,5004.6,V,5004.7,V,5004.8,V,5004.9,V,5004.9,V,5004.8,V,5004.8,V,5004.8,V,5004.8,V,5004.9,V,5005,V,5005,V,5005.1,V,5004.9,V,5005,V,5005,V,5004.8,V,5005,V,5004.9,V,5004.9,V,5004.8,V
08,Barcelona,019,Barcelona,043,998,2022,4,19,5004.7,V,5004.6,V,5004.8,V,5004.8,V,5004.9,V,5004.8,V,5004.9,V,5004.9,V,5004.8,V,5004.7,V,5004.8,V,5004.8,V,5004.8,V,5004.8,V,5004.7,V,5004.9,V,5004.9,V,5005,V,5004.8,V,5004.8,V,5004.9,V,5004.9,V,5004.8,V,5005.1,V
08,Barcelona,019,Barcelona,043,998,2022,4,20,5004.9,V,5004.9,V,5004.9,V,5004.9,V,5004.9,V,5004.6,V,5004.9,V,5005,V,5004.6,V,5004.8,V,5004.8,V,5004.7,V,5004.8,V,5004.7,V,5004.9,V,5004.8,V,5004.8,V,5004.6,V,5004.7,V,5004.6,V,5004.9,V,5004.7,V,5004.7,V,5004.7,V
08,Barcelona,019,Barcelona,043,998,2022,4,21,5004.8,V,5004.8,V,5004.9,V,5004.9,V,5004.9,V,5004.8,V,5004.9,V,5004.8,V,5004.9,V,5004.8,V,5004.7,V,,N,,N,,N,,N,,N,,N,,N,,N,,N,,N,,N,,N,,N
08,Barcelona,019,Barcelona,054,998,2022,4,18,4969,V,4969,V,4969,V,4969,V,4969,V,4969,V,4969,V,4969,V,4969,V,4969,V,4969,V,4969,V,4969,V,4969,V,4969,V,4969,V,4969,V,4969,V,4969,V,4969,V,4969,V,4969,V,4969,V,4969,V
08,Barcelona,019,Barcelona,054,998,2022,4,19,4969,V,4969,V,4969,V,4969,V,4969,V,4969,V,4969,V,4969,V,4969,V,4969,V,4969,V,4969,V,4969,V,4969,V,4969,V,4969,V,4969,V,4969,V,4969,V,4969,V,4969,V,4969,V,4969,V,4969,V
08,Barcelona,019,Barcelona,054,998,2022,4,20,4969,V,4969,V,4969,V,4969,V,4969,V,4969,V,4969,V,4969,V,4969,V,4969,V,,N,,N,,N,4969,V,4969,V,4969,V,4969,V,4969,V,4969,V,4969,V,4969,V,4969,V,4969,V,4969,V
08,Barcelona,019,Barcelona,054,998,2022,4,21,4969,V,4969,V,4969,V,4969,V,4969,V,4969,V,4969,V,4969,V,4969,V,4969,V,4969,V,,N,,N,,N,,N,,N,,N,,N,,N,,N,,N,,N,,N,,N
08,Barcelona,019,Barcelona,050,7,2022,4,18,1,V,1,V,1,V,1,V,1,V,1,V,1,V,4,V,5,V,8,V,20,V,7,V,5,V,4,V,2,V,3,V,1,V,1,V,1,V,1,V,1,V,1,V,1,V,1,V
08,Barcelona,019,Barcelona,050,7,2022,4,19,1,V,1,V,1,V,1,V,1,V,2,V,5,V,21,V,24,V,13,V,16,V,20,V,7,V,1,V,2,V,2,V,1,V,1,V,1,V,1,V,1,V,1,V,1,V,1,V
08,Barcelona,019,Barcelona,050,7,2022,4,20,1,V,1,V,1,V,1,V,1,V,1,V,1,V,1,V,1,V,2,V,2,V,2,V,1,V,1,V,1,V,1,V,1,V,2,V,1,V,1,V,1,V,1,V,1,V,1,V
08,Barcelona,019,Barcelona,050,7,2022,4,21,1,V,1,V,1,V,1,V,1,V,1,V,1,V,2,V,7,V,6,V,5,V,,N,,N,,N,,N,,N,,N,,N,,N,,N,,N,,N,,N,,N
08,Barcelona,019,Barcelona,043,7,2022,4,18,3,V,1,V,7,V,6,V,4,V,2,V,3,V,8,V,15,V,59,V,22,V,16,V,11,V,9,V,6,V,5,V,6,V,7,V,8,V,11,V,10,V,8,V,6,V,5,V
08,Barcelona,019,Barcelona,043,7,2022,4,19,2,V,4,V,4,V,5,V,3,V,4,V,21,V,90,V,72,V,67,V,34,V,69,V,30,V,31,V,18,V,20,V,18,V,15,V,21,V,21,V,14,V,11,V,20,V,13,V
08,Barcelona,019,Barcelona,043,7,2022,4,20,7,V,13,V,6,V,4,V,3,V,3,V,5,V,16,V,17,V,18,V,18,V,17,V,17,V,15,V,15,V,13,V,13,V,13,V,12,V,11,V,10,V,8,V,7,V,7,V
08,Barcelona,019,Barcelona,043,7,2022,4,21,5,V,3,V,3,V,2,V,2,V,2,V,6,V,35,V,29,V,27,V,15,V,,N,,N,,N,,N,,N,,N,,N,,N,,N,,N,,N,,N,,N
08,Barcelona,019,Barcelona,044,7,2022,4,18,2,V,3,V,4,V,4,V,8,V,2,V,5,V,4,V,10,V,10,V,7,V,7,V,6,V,4,V,3,V,2,V,2,V,2,V,2,V,3,V,2,V,3,V,2,V,3,V
08,Barcelona,019,Barcelona,044,7,2022,4,19,3,V,1,V,3,V,3,V,2,V,2,V,10,V,31,V,21,V,35,V,34,V,44,V,23,V,8,V,18,V,14,V,22,V,6,V,6,V,7,V,5,V,6,V,4,V,4,V
08,Barcelona,019,Barcelona,044,7,2022,4,20,7,V,7,V,5,V,8,V,6,V,1,V,1,V,11,V,11,V,9,V,9,V,7,V,7,V,6,V,5,V,8,V,6,V,5,V,5,V,6,V,6,V,4,V,2,V,1,V
08,Barcelona,019,Barcelona,044,7,2022,4,21,4,V,1,V,3,V,2,V,1,V,1,V,3,V,7,V,69,V,153,V,37,V,,N,,N,,N,,N,,N,,N,,N,,N,,N,,N,,N,,N,,N
08,Barcelona,019,Barcelona,058,7,2022,4,18,1,V,1,V,1,V,1,V,1,V,1,V,1,V,1,V,1,V,4,V,1,V,2,V,4,V,3,V,2,V,1,V,1,V,1,V,1,V,1,V,1,V,1,V,1,V,1,V
08,Barcelona,019,Barcelona,058,7,2022,4,19,1,V,1,V,1,V,1,V,1,V,1,V,1,V,1,V,5,V,2,V,12,V,12,V,10,V,2,V,1,V,1,V,2,V,1,V,1,V,1,V,1,V,1,V,1,V,1,V
08,Barcelona,019,Barcelona,058,7,2022,4,20,1,V,1,V,1,V,1,V,1,V,1,V,1,V,1,V,1,V,1,V,1,V,1,V,1,V,1,V,1,V,1,V,1,V,1,V,1,V,1,V,1,V,1,V,1,V,1,V
08,Barcelona,019,Barcelona,058,7,2022,4,21,1,V,1,V,1,V,1,V,1,V,1,V,1,V,1,V,1,V,1,V,1,V,,N,,N,,N,,N,,N,,N,,N,,N,,N,,N,,N,,N,,N
08,Barcelona,019,Barcelona,057,7,2022,4,18,1,V,1,V,1,V,1,V,1,V,1,V,1,V,1,V,3,V,1,V,6,V,9,V,5,V,3,V,2,V,1,V,1,V,1,V,1,V,1,V,1,V,1,V,1,V,1,V
08,Barcelona,019,Barcelona,057,7,2022,4,19,1,V,1,V,1,V,1,V,1,V,1,V,4,V,19,V,53,V,47,V,39,V,13,V,6,V,2,V,1,V,1,V,1,V,1,V,1,V,1,V,1,V,1,V,1,V,1,V
08,Barcelona,019,Barcelona,057,7,2022,4,20,5,V,1,V,1,V,1,V,1,V,1,V,1,V,1,V,1,V,1,V,1,V,1,V,1,V,1,V,1,V,1,V,1,V,1,V,1,V,1,V,1,V,1,V,1,V,1,V
08,Barcelona,019,Barcelona,057,7,2022,4,21,1,V,1,V,1,V,1,V,1,V,1,V,1,V,1,V,2,V,,N,,N,,N,,N,,N,,N,,N,,N,,N,,N,,N,,N,,N,,N,,N
08,Barcelona,019,Barcelona,004,7,2022,4,18,1,V,1,V,1,V,1,V,1,V,1,V,3,V,2,V,4,V,6,V,6,V,5,V,3,V,6,V,2,V,1,V,1,V,1,V,1,V,1,V,1,V,1,V,1,V,1,V
08,Barcelona,019,Barcelona,004,7,2022,4,19,1,V,1,V,1,V,1,V,1,V,3,V,12,V,26,V,37,V,27,V,24,V,18,V,7,V,3,V,2,V,1,V,1,V,1,V,1,V,1,V,1,V,1,V,1,V,1,V
08,Barcelona,019,Barcelona,004,7,2022,4,20,1,V,1,V,1,V,1,V,1,V,1,V,1,V,1,V,2,V,2,V,2,V,3,V,2,V,,N,,N,,N,2,V,2,V,1,V,1,V,1,V,1,V,1,V,1,V
08,Barcelona,019,Barcelona,004,7,2022,4,21,1,V,1,V,1,V,1,V,1,V,1,V,1,V,2,V,13,V,15,V,7,V,,N,,N,,N,,N,,N,,N,,N,,N,,N,,N,,N,,N,,N
08,Barcelona,019,Barcelona,042,7,2022,4,18,7,V,1,V,1,V,1,V,1,V,1,V,1,V,1,V,3,V,7,V,17,V,10,V,6,V,4,V,4,V,2,V,2,V,3,V,1,V,1,V,1,V,1,V,1,V,1,V
08,Barcelona,019,Barcelona,042,7,2022,4,19,1,V,1,V,1,V,1,V,1,V,1,V,17,V,34,V,38,V,16,V,41,V,14,V,7,V,2,V,2,V,2,V,2,V,2,V,1,V,1,V,1,V,1,V,1,V,1,V
08,Barcelona,019,Barcelona,042,7,2022,4,20,1,V,1,V,1,V,1,V,1,V,1,V,1,V,1,V,2,V,2,V,2,V,3,V,2,V,2,V,2,V,2,V,2,V,3,V,2,V,1,V,1,V,1,V,2,V,1,V
08,Barcelona,019,Barcelona,042,7,2022,4,21,2,V,1,V,1,V,1,V,1,V,1,V,1,V,1,V,3,V,3,V,,N,,N,,N,,N,,N,,N,,N,,N,,N,,N,,N,,N,,N,,N
08,Barcelona,019,Barcelona,054,7,2022,4,18,5,V,3,V,2,V,1,V,1,V,2,V,4,V,3,V,4,V,2,V,1,V,3,V,4,V,3,V,2,V,1,V,1,V,1,V,1,V,1,V,1,V,1,V,1,V,1,V
08,Barcelona,019,Barcelona,054,7,2022,4,19,2,V,3,V,2,V,1,V,1,V,1,V,10,V,44,V,5,V,6,V,6,V,15,V,6,V,2,V,2,V,1,V,1,V,1,V,1,V,1,V,1,V,2,V,11,V,2,V
08,Barcelona,019,Barcelona,054,7,2022,4,20,3,V,1,V,1,V,1,V,1,V,3,V,3,V,6,V,3,V,2,V,,N,,N,,N,1,V,1,V,1,V,1,V,2,V,1,V,1,V,1,V,1,V,1,V,1,V
08,Barcelona,019,Barcelona,054,7,2022,4,21,1,V,1,V,1,V,1,V,1,V,1,V,2,V,3,V,6,V,3,V,3,V,,N,,N,,N,,N,,N,,N,,N,,N,,N,,N,,N,,N,,N
08,Barcelona,019,Barcelona,050,8,2022,4,18,12,V,16,V,32,V,40,V,29,V,29,V,18,V,35,V,34,V,37,V,52,V,41,V,25,V,19,V,10,V,7,V,4,V,4,V,5,V,6,V,8,V,5,V,5,V,5,V
08,Barcelona,019,Barcelona,050,8,2022,4,19,13,V,19,V,35,V,39,V,25,V,25,V,31,V,44,V,51,V,49,V,71,V,80,V,43,V,19,V,15,V,20,V,8,V,7,V,9,V,6,V,11,V,25,V,23,V,21,V
08,Barcelona,019,Barcelona,050,8,2022,4,20,40,V,33,V,21,V,17,V,15,V,7,V,12,V,16,V,15,V,14,V,13,V,12,V,12,V,13,V,10,V,10,V,10,V,10,V,8,V,10,V,8,V,9,V,6,V,4,V
08,Barcelona,019,Barcelona,050,8,2022,4,21,7,V,3,V,3,V,5,V,7,V,7,V,10,V,26,V,67,V,54,V,39,V,,N,,N,,N,,N,,N,,N,,N,,N,,N,,N,,N,,N,,N
08,Barcelona,019,Barcelona,043,8,2022,4,18,31,V,31,V,61,V,67,V,54,V,37,V,26,V,41,V,47,V,70,V,55,V,48,V,32,V,25,V,19,V,14,V,19,V,25,V,38,V,49,V,49,V,27,V,29,V,28,V
08,Barcelona,019,Barcelona,043,8,2022,4,19,34,V,52,V,51,V,56,V,44,V,42,V,54,V,71,V,72,V,78,V,75,V,87,V,67,V,58,V,44,V,53,V,39,V,35,V,45,V,52,V,46,V,59,V,59,V,56,V
08,Barcelona,019,Barcelona,043,8,2022,4,20,43,V,44,V,41,V,32,V,26,V,16,V,19,V,29,V,38,V,40,V,35,V,34,V,37,V,37,V,34,V,32,V,33,V,29,V,32,V,34,V,33,V,26,V,24,V,17,V
08,Barcelona,019,Barcelona,043,8,2022,4,21,18,V,11,V,11,V,10,V,13,V,12,V,26,V,74,V,74,V,69,V,52,V,,N,,N,,N,,N,,N,,N,,N,,N,,N,,N,,N,,N,,N
08,Barcelona,019,Barcelona,044,8,2022,4,18,28,V,49,V,55,V,56,V,56,V,40,V,36,V,42,V,46,V,41,V,32,V,38,V,25,V,19,V,15,V,8,V,8,V,12,V,14,V,24,V,29,V,19,V,20,V,24,V
08,Barcelona,019,Barcelona,044,8,2022,4,19,35,V,38,V,36,V,41,V,34,V,33,V,47,V,58,V,54,V,65,V,76,V,79,V,55,V,37,V,39,V,40,V,36,V,23,V,25,V,31,V,39,V,46,V,42,V,43,V
08,Barcelona,019,Barcelona,044,8,2022,4,20,43,V,40,V,32,V,32,V,24,V,11,V,13,V,24,V,26,V,23,V,23,V,21,V,22,V,21,V,19,V,20,V,19,V,15,V,17,V,20,V,20,V,16,V,12,V,10,V
08,Barcelona,019,Barcelona,044,8,2022,4,21,9,V,6,V,6,V,5,V,5,V,6,V,15,V,40,V,97,V,117,V,56,V,,N,,N,,N,,N,,N,,N,,N,,N,,N,,N,,N,,N,,N
08,Barcelona,019,Barcelona,058,8,2022,4,18,7,V,2,V,1,V,2,V,12,V,28,V,5,V,4,V,6,V,20,V,5,V,14,V,19,V,16,V,13,V,6,V,5,V,10,V,13,V,21,V,29,V,20,V,16,V,13,V
08,Barcelona,019,Barcelona,058,8,2022,4,19,5,V,3,V,4,V,2,V,2,V,2,V,6,V,12,V,27,V,19,V,45,V,56,V,48,V,23,V,14,V,12,V,13,V,10,V,11,V,11,V,9,V,10,V,6,V,7,V
08,Barcelona,019,Barcelona,058,8,2022,4,20,11,V,12,V,5,V,7,V,6,V,7,V,12,V,16,V,12,V,10,V,8,V,9,V,8,V,8,V,8,V,7,V,7,V,7,V,7,V,8,V,10,V,8,V,7,V,5,V
08,Barcelona,019,Barcelona,058,8,2022,4,21,5,V,4,V,3,V,5,V,4,V,5,V,4,V,6,V,8,V,9,V,13,V,,N,,N,,N,,N,,N,,N,,N,,N,,N,,N,,N,,N,,N
08,Barcelona,019,Barcelona,057,8,2022,4,18,18,V,19,V,14,V,15,V,19,V,33,V,31,V,24,V,31,V,10,V,32,V,41,V,23,V,15,V,14,V,7,V,11,V,15,V,13,V,21,V,31,V,22,V,14,V,28,V
08,Barcelona,019,Barcelona,057,8,2022,4,19,33,V,18,V,14,V,11,V,13,V,21,V,38,V,58,V,62,V,65,V,65,V,56,V,49,V,26,V,20,V,15,V,12,V,11,V,14,V,16,V,21,V,28,V,29,V,23,V
08,Barcelona,019,Barcelona,057,8,2022,4,20,27,V,14,V,10,V,13,V,14,V,11,V,10,V,15,V,16,V,14,V,13,V,12,V,13,V,13,V,12,V,13,V,13,V,9,V,10,V,13,V,14,V,12,V,10,V,7,V
08,Barcelona,019,Barcelona,057,8,2022,4,21,6,V,4,V,4,V,4,V,4,V,7,V,10,V,29,V,42,V,,N,,N,,N,,N,,N,,N,,N,,N,,N,,N,,N,,N,,N,,N,,N
08,Barcelona,019,Barcelona,004,8,2022,4,18,14,V,39,V,33,V,28,V,32,V,36,V,34,V,29,V,27,V,25,V,32,V,26,V,15,V,21,V,9,V,3,V,3,V,3,V,4,V,6,V,7,V,4,V,5,V,7,V
08,Barcelona,019,Barcelona,004,8,2022,4,19,16,V,12,V,22,V,37,V,27,V,36,V,45,V,47,V,51,V,55,V,59,V,61,V,37,V,21,V,15,V,15,V,11,V,8,V,10,V,9,V,19,V,34,V,33,V,40,V
08,Barcelona,019,Barcelona,004,8,2022,4,20,43,V,33,V,23,V,18,V,18,V,8,V,11,V,8,V,14,V,13,V,12,V,10,V,11,V,,N,,N,,N,12,V,15,V,11,V,12,V,11,V,13,V,8,V,3,V
08,Barcelona,019,Barcelona,004,8,2022,4,21,8,V,11,V,9,V,6,V,5,V,6,V,13,V,41,V,76,V,66,V,51,V,,N,,N,,N,,N,,N,,N,,N,,N,,N,,N,,N,,N,,N
08,Barcelona,019,Barcelona,042,8,2022,4,18,27,V,30,V,33,V,42,V,51,V,26,V,15,V,29,V,31,V,32,V,56,V,45,V,27,V,21,V,23,V,14,V,14,V,18,V,11,V,23,V,30,V,25,V,16,V,22,V
08,Barcelona,019,Barcelona,042,8,2022,4,19,34,V,35,V,37,V,42,V,43,V,50,V,57,V,58,V,57,V,59,V,68,V,57,V,50,V,22,V,18,V,19,V,14,V,16,V,18,V,18,V,18,V,25,V,31,V,34,V
08,Barcelona,019,Barcelona,042,8,2022,4,20,29,V,30,V,20,V,23,V,19,V,9,V,11,V,13,V,20,V,19,V,19,V,18,V,20,V,18,V,15,V,16,V,15,V,13,V,15,V,17,V,18,V,16,V,16,V,9,V
08,Barcelona,019,Barcelona,042,8,2022,4,21,9,V,8,V,6,V,5,V,5,V,5,V,12,V,24,V,48,V,40,V,,N,,N,,N,,N,,N,,N,,N,,N,,N,,N,,N,,N,,N,,N
08,Barcelona,019,Barcelona,054,8,2022,4,18,64,V,44,V,58,V,38,V,36,V,48,V,51,V,37,V,24,V,16,V,7,V,18,V,20,V,16,V,15,V,5,V,4,V,6,V,9,V,13,V,18,V,14,V,15,V,30,V
08,Barcelona,019,Barcelona,054,8,2022,4,19,41,V,44,V,24,V,20,V,16,V,30,V,56,V,59,V,30,V,30,V,42,V,60,V,40,V,25,V,18,V,18,V,12,V,10,V,13,V,13,V,28,V,42,V,62,V,37,V
08,Barcelona,019,Barcelona,054,8,2022,4,20,39,V,22,V,17,V,15,V,18,V,37,V,36,V,45,V,23,V,17,V,,N,,N,,N,13,V,12,V,11,V,11,V,10,V,11,V,12,V,14,V,12,V,9,V,6,V
08,Barcelona,019,Barcelona,054,8,2022,4,21,8,V,4,V,3,V,11,V,8,V,15,V,19,V,43,V,41,V,31,V,26,V,,N,,N,,N,,N,,N,,N,,N,,N,,N,,N,,N,,N,,N
08,Barcelona,019,Barcelona,050,12,2022,4,18,12,V,16,V,33,V,41,V,30,V,30,V,18,V,41,V,41,V,49,V,82,V,51,V,33,V,25,V,13,V,12,V,5,V,5,V,6,V,7,V,8,V,5,V,6,V,5,V
08,Barcelona,019,Barcelona,050,12,2022,4,19,14,V,19,V,36,V,40,V,26,V,27,V,38,V,76,V,86,V,68,V,96,V,110,V,54,V,21,V,17,V,23,V,10,V,8,V,9,V,6,V,12,V,26,V,24,V,22,V
08,Barcelona,019,Barcelona,050,12,2022,4,20,41,V,34,V,22,V,17,V,15,V,8,V,13,V,18,V,17,V,16,V,16,V,15,V,13,V,14,V,12,V,11,V,11,V,13,V,10,V,11,V,9,V,9,V,6,V,4,V
08,Barcelona,019,Barcelona,050,12,2022,4,21,7,V,3,V,3,V,5,V,8,V,8,V,10,V,28,V,77,V,64,V,46,V,,N,,N,,N,,N,,N,,N,,N,,N,,N,,N,,N,,N,,N
08,Barcelona,019,Barcelona,043,12,2022,4,18,36,V,33,V,71,V,76,V,59,V,40,V,31,V,54,V,70,V,159,V,89,V,73,V,50,V,39,V,29,V,21,V,28,V,36,V,51,V,66,V,63,V,40,V,37,V,35,V
08,Barcelona,019,Barcelona,043,12,2022,4,19,37,V,58,V,57,V,63,V,49,V,48,V,86,V,209,V,182,V,181,V,127,V,192,V,113,V,106,V,70,V,84,V,67,V,57,V,78,V,85,V,68,V,76,V,89,V,75,V
08,Barcelona,019,Barcelona,043,12,2022,4,20,53,V,63,V,49,V,38,V,30,V,20,V,26,V,53,V,64,V,67,V,62,V,60,V,63,V,60,V,57,V,52,V,54,V,49,V,50,V,49,V,48,V,37,V,35,V,28,V
08,Barcelona,019,Barcelona,043,12,2022,4,21,25,V,16,V,15,V,13,V,16,V,14,V,34,V,128,V,118,V,111,V,75,V,,N,,N,,N,,N,,N,,N,,N,,N,,N,,N,,N,,N,,N
08,Barcelona,019,Barcelona,044,12,2022,4,18,30,V,53,V,61,V,62,V,67,V,43,V,44,V,49,V,61,V,56,V,42,V,48,V,35,V,26,V,20,V,11,V,10,V,14,V,17,V,28,V,32,V,22,V,23,V,28,V
08,Barcelona,019,Barcelona,044,12,2022,4,19,40,V,39,V,40,V,46,V,37,V,35,V,62,V,105,V,86,V,118,V,128,V,146,V,91,V,49,V,67,V,62,V,69,V,32,V,35,V,42,V,46,V,54,V,48,V,50,V
08,Barcelona,019,Barcelona,044,12,2022,4,20,54,V,50,V,40,V,43,V,33,V,11,V,14,V,41,V,42,V,37,V,37,V,32,V,33,V,30,V,26,V,33,V,28,V,22,V,25,V,29,V,30,V,21,V,14,V,11,V
08,Barcelona,019,Barcelona,044,12,2022,4,21,14,V,7,V,10,V,6,V,6,V,7,V,19,V,51,V,202,V,351,V,112,V,,N,,N,,N,,N,,N,,N,,N,,N,,N,,N,,N,,N,,N
08,Barcelona,019,Barcelona,058,12,2022,4,18,7,V,2,V,1,V,2,V,12,V,28,V,5,V,4,V,7,V,26,V,6,V,17,V,26,V,21,V,16,V,7,V,6,V,12,V,15,V,23,V,30,V,20,V,16,V,14,V
08,Barcelona,019,Barcelona,058,12,2022,4,19,5,V,3,V,4,V,2,V,2,V,3,V,7,V,12,V,33,V,21,V,63,V,74,V,63,V,26,V,15,V,13,V,15,V,11,V,12,V,12,V,9,V,11,V,6,V,7,V
08,Barcelona,019,Barcelona,058,12,2022,4,20,11,V,12,V,5,V,7,V,6,V,8,V,12,V,17,V,12,V,11,V,9,V,9,V,9,V,9,V,8,V,7,V,8,V,8,V,7,V,9,V,10,V,8,V,7,V,5,V
08,Barcelona,019,Barcelona,058,12,2022,4,21,5,V,4,V,3,V,5,V,4,V,5,V,4,V,6,V,8,V,10,V,14,V,,N,,N,,N,,N,,N,,N,,N,,N,,N,,N,,N,,N,,N
08,Barcelona,019,Barcelona,057,12,2022,4,18,18,V,20,V,14,V,15,V,19,V,33,V,31,V,25,V,34,V,12,V,41,V,53,V,31,V,20,V,17,V,8,V,12,V,17,V,14,V,22,V,31,V,23,V,14,V,29,V
08,Barcelona,019,Barcelona,057,12,2022,4,19,33,V,18,V,15,V,11,V,14,V,21,V,44,V,88,V,142,V,137,V,125,V,75,V,58,V,29,V,22,V,16,V,14,V,12,V,15,V,16,V,21,V,29,V,30,V,23,V
08,Barcelona,019,Barcelona,057,12,2022,4,20,33,V,14,V,10,V,13,V,14,V,11,V,10,V,16,V,18,V,15,V,14,V,14,V,15,V,14,V,13,V,14,V,15,V,11,V,10,V,14,V,14,V,12,V,10,V,7,V
08,Barcelona,019,Barcelona,057,12,2022,4,21,7,V,4,V,4,V,4,V,4,V,8,V,10,V,29,V,45,V,,N,,N,,N,,N,,N,,N,,N,,N,,N,,N,,N,,N,,N,,N,,N
08,Barcelona,019,Barcelona,004,12,2022,4,18,16,V,40,V,34,V,28,V,33,V,38,V,37,V,31,V,33,V,34,V,40,V,34,V,20,V,31,V,11,V,4,V,4,V,4,V,5,V,7,V,8,V,5,V,5,V,8,V
08,Barcelona,019,Barcelona,004,12,2022,4,19,16,V,12,V,22,V,37,V,28,V,41,V,65,V,87,V,107,V,96,V,96,V,88,V,48,V,26,V,19,V,16,V,13,V,10,V,11,V,10,V,20,V,35,V,33,V,41,V
08,Barcelona,019,Barcelona,004,12,2022,4,20,45,V,34,V,23,V,19,V,19,V,9,V,12,V,9,V,16,V,16,V,15,V,15,V,14,V,,N,,N,,N,15,V,19,V,13,V,14,V,12,V,14,V,9,V,3,V
08,Barcelona,019,Barcelona,004,12,2022,4,21,9,V,12,V,9,V,6,V,6,V,7,V,13,V,45,V,95,V,88,V,62,V,,N,,N,,N,,N,,N,,N,,N,,N,,N,,N,,N,,N,,N
08,Barcelona,019,Barcelona,042,12,2022,4,18,37,V,31,V,33,V,44,V,52,V,27,V,16,V,31,V,36,V,42,V,82,V,61,V,35,V,27,V,29,V,17,V,17,V,21,V,13,V,25,V,31,V,26,V,17,V,23,V
08,Barcelona,019,Barcelona,042,12,2022,4,19,35,V,36,V,38,V,43,V,44,V,52,V,83,V,109,V,115,V,83,V,130,V,79,V,60,V,25,V,20,V,21,V,16,V,18,V,20,V,19,V,19,V,26,V,32,V,35,V
08,Barcelona,019,Barcelona,042,12,2022,4,20,30,V,32,V,21,V,24,V,20,V,10,V,12,V,15,V,22,V,22,V,22,V,22,V,23,V,20,V,17,V,19,V,18,V,17,V,17,V,19,V,20,V,17,V,18,V,9,V
08,Barcelona,019,Barcelona,042,12,2022,4,21,11,V,9,V,7,V,6,V,6,V,6,V,13,V,25,V,52,V,44,V,,N,,N,,N,,N,,N,,N,,N,,N,,N,,N,,N,,N,,N,,N
08,Barcelona,019,Barcelona,054,12,2022,4,18,72,V,47,V,62,V,38,V,37,V,51,V,57,V,41,V,30,V,19,V,9,V,23,V,27,V,21,V,18,V,6,V,5,V,7,V,10,V,14,V,18,V,15,V,16,V,32,V
08,Barcelona,019,Barcelona,054,12,2022,4,19,44,V,48,V,26,V,21,V,17,V,32,V,71,V,127,V,37,V,39,V,51,V,83,V,48,V,29,V,21,V,19,V,14,V,11,V,14,V,14,V,29,V,46,V,78,V,40,V
08,Barcelona,019,Barcelona,054,12,2022,4,20,44,V,23,V,17,V,15,V,20,V,41,V,41,V,53,V,27,V,21,V,,N,,N,,N,15,V,13,V,14,V,13,V,12,V,12,V,14,V,16,V,14,V,10,V,6,V
08,Barcelona,019,Barcelona,054,12,2022,4,21,8,V,4,V,3,V,11,V,8,V,16,V,20,V,48,V,50,V,36,V,31,V,,N,,N,,N,,N,,N,,N,,N,,N,,N,,N,,N,,N,,N
08,Barcelona,019,Barcelona,050,14,2022,4,18,60,V,51,V,31,V,22,V,23,V,40,V,63,V,14,V,27,V,40,V,40,V,55,V,64,V,70,V,91,V,98,V,98,V,102,V,105,V,103,V,95,V,96,V,84,V,74,V
08,Barcelona,019,Barcelona,050,14,2022,4,19,56,V,41,V,27,V,16,V,19,V,9,V,3,V,2,V,8,V,16,V,12,V,13,V,51,V,69,V,82,V,80,V,102,V,99,V,95,V,96,V,80,V,52,V,42,V,39,V
08,Barcelona,019,Barcelona,050,14,2022,4,20,25,V,42,V,50,V,58,V,61,V,75,V,68,V,69,V,74,V,69,V,68,V,70,V,76,V,86,V,83,V,85,V,83,V,82,V,87,V,80,V,83,V,80,V,85,V,88,V
08,Barcelona,019,Barcelona,050,14,2022,4,21,83,V,88,V,88,V,84,V,77,V,80,V,80,V,54,V,18,V,28,V,51,V,,N,,N,,N,,N,,N,,N,,N,,N,,N,,N,,N,,N,,N
08,Barcelona,019,Barcelona,043,14,2022,4,18,66,V,56,V,22,V,18,V,31,V,39,V,52,V,34,V,27,V,14,V,29,V,49,V,61,V,75,V,92,V,100,V,97,V,98,V,85,V,73,V,70,V,89,V,82,V,75,V
08,Barcelona,019,Barcelona,043,14,2022,4,19,52,V,26,V,19,V,11,V,29,V,15,V,4,V,2,V,9,V,13,V,14,V,16,V,40,V,54,V,68,V,57,V,78,V,81,V,69,V,63,V,60,V,41,V,40,V,35,V
08,Barcelona,019,Barcelona,043,14,2022,4,20,42,V,32,V,28,V,47,V,60,V,71,V,68,V,64,V,61,V,55,V,56,V,58,V,62,V,66,V,70,V,73,V,70,V,73,V,76,V,70,V,69,V,71,V,76,V,84,V
08,Barcelona,019,Barcelona,043,14,2022,4,21,73,V,84,V,84,V,81,V,75,V,77,V,65,V,27,V,19,V,18,V,37,V,,N,,N,,N,,N,,N,,N,,N,,N,,N,,N,,N,,N,,N
08,Barcelona,019,Barcelona,044,14,2022,4,18,60,V,36,V,28,V,23,V,23,V,33,V,38,V,26,V,20,V,29,V,44,V,54,V,60,V,72,V,90,V,101,V,101,V,102,V,99,V,86,V,81,V,87,V,81,V,68,V
08,Barcelona,019,Barcelona,044,14,2022,4,19,49,V,40,V,40,V,31,V,30,V,30,V,15,V,3,V,20,V,19,V,19,V,17,V,47,V,68,V,69,V,63,V,69,V,79,V,76,V,71,V,57,V,49,V,47,V,39,V
08,Barcelona,019,Barcelona,044,14,2022,4,20,38,V,25,V,30,V,38,V,54,V,69,V,70,V,67,V,69,V,65,V,65,V,66,V,71,V,76,V,78,V,77,V,76,V,80,V,85,V,77,V,75,V,75,V,80,V,85,V
08,Barcelona,019,Barcelona,044,14,2022,4,21,79,V,84,V,85,V,83,V,81,V,82,V,72,V,49,V,18,V,10,V,36,V,,N,,N,,N,,N,,N,,N,,N,,N,,N,,N,,N,,N,,N
08,Barcelona,019,Barcelona,058,14,2022,4,18,99,V,115,V,123,V,117,V,89,V,62,V,108,V,104,V,95,V,65,V,91,V,78,V,70,V,81,V,92,V,107,V,103,V,103,V,98,V,88,V,77,V,79,V,81,V,84,V
08,Barcelona,019,Barcelona,058,14,2022,4,19,94,V,100,V,99,V,103,V,103,V,104,V,100,V,79,V,59,V,75,V,45,V,37,V,52,V,78,V,93,V,94,V,90,V,88,V,86,V,84,V,88,V,86,V,89,V,86,V
08,Barcelona,019,Barcelona,058,14,2022,4,20,79,V,69,V,81,V,90,V,91,V,77,V,70,V,70,V,78,V,76,V,77,V,75,V,81,V,83,V,81,V,83,V,83,V,87,V,91,V,85,V,80,V,79,V,82,V,84,V
08,Barcelona,019,Barcelona,058,14,2022,4,21,79,V,84,V,85,V,79,V,81,V,82,V,88,V,85,V,76,V,77,V,74,V,,N,,N,,N,,N,,N,,N,,N,,N,,N,,N,,N,,N,,N
08,Barcelona,019,Barcelona,057,14,2022,4,18,60,V,52,V,54,V,56,V,48,V,32,V,31,V,43,V,41,V,72,V,43,V,48,V,63,V,79,V,84,V,101,V,97,V,99,V,104,V,91,V,75,V,80,V,81,V,58,V
08,Barcelona,019,Barcelona,057,14,2022,4,19,41,V,39,V,42,V,46,V,48,V,31,V,12,V,4,V,5,V,8,V,7,V,32,V,48,V,73,V,81,V,91,V,87,V,89,V,86,V,84,V,73,V,55,V,49,V,55,V
08,Barcelona,019,Barcelona,057,14,2022,4,20,49,V,66,V,73,V,75,V,78,V,71,V,72,V,73,V,76,V,73,V,72,V,73,V,77,V,81,V,81,V,81,V,80,V,87,V,91,V,81,V,78,V,79,V,81,V,86,V
08,Barcelona,019,Barcelona,057,14,2022,4,21,82,V,87,V,88,V,84,V,85,V,79,V,79,V,59,V,40,V,,N,,N,,N,,N,,N,,N,,N,,N,,N,,N,,N,,N,,N,,N,,N
08,Barcelona,019,Barcelona,054,14,2022,4,18,23,V,42,V,26,V,50,V,38,V,20,V,25,V,36,V,46,V,67,V,86,V,73,V,74,V,86,V,97,V,114,V,110,V,111,V,110,V,105,V,97,V,96,V,91,V,52,V
08,Barcelona,019,Barcelona,054,14,2022,4,19,35,V,37,V,55,V,55,V,52,V,39,V,8,V,6,V,39,V,49,V,45,V,33,V,64,V,80,V,89,V,87,V,92,V,94,V,91,V,88,V,69,V,47,V,18,V,37,V
08,Barcelona,019,Barcelona,054,14,2022,4,20,28,V,45,V,50,V,55,V,57,V,38,V,40,V,41,V,73,V,75,V,,N,,N,,N,83,V,82,V,84,V,83,V,90,V,93,V,87,V,81,V,80,V,83,V,87,V
08,Barcelona,019,Barcelona,054,14,2022,4,21,80,V,91,V,91,V,77,V,79,V,72,V,69,V,43,V,42,V,48,V,63,V,,N,,N,,N,,N,,N,,N,,N,,N,,N,,N,,N,,N,,N
08,Barcelona,019,Barcelona,043,10,2022,4,18,22,V,23,V,24,V,40,V,27,V,18,V,25,V,24,V,37,V,42,V,41,V,39,V,40,V,31,V,44,V,27,V,27,V,27,V,30,V,31,V,33,V,30,V,26,V,28,V
08,Barcelona,019,Barcelona,043,10,2022,4,19,27,V,32,V,31,V,30,V,31,V,21,V,29,V,42,V,55,V,39,V,50,V,42,V,33,V,33,V,21,V,23,V,19,V,26,V,26,V,25,V,23,V,35,V,16,V,27,V
08,Barcelona,019,Barcelona,043,10,2022,4,20,20,V,22,V,14,V,10,V,12,V,23,V,15,V,17,V,25,V,32,V,30,V,34,V,36,V,37,V,36,V,36,V,32,V,36,V,39,V,26,V,23,V,30,V,36,V,33,V
08,Barcelona,019,Barcelona,043,10,2022,4,21,15,V,18,V,14,V,14,V,11,V,11,V,9,V,15,V,18,V,14,V,16,V,,N,,N,,N,,N,,N,,N,,N,,N,,N,,N,,N,,N,,N
08,Barcelona,019,Barcelona,044,10,2022,4,18,20,V,12,V,9,V,34,V,32,V,16,V,16,V,26,V,26,V,26,V,21,V,38,V,34,V,30,V,34,V,22,V,24,V,24,V,27,V,25,V,29,V,25,V,24,V,24,V
08,Barcelona,019,Barcelona,044,10,2022,4,19,25,V,26,V,17,V,26,V,19,V,9,V,23,V,35,V,35,V,35,V,39,V,50,V,34,V,25,V,18,V,18,V,20,V,17,V,17,V,19,V,18,V,28,V,14,V,21,V
08,Barcelona,019,Barcelona,044,10,2022,4,20,21,V,21,V,14,V,9,V,7,V,17,V,13,V,14,V,14,V,23,V,26,V,27,V,27,V,28,V,26,V,26,V,24,V,21,V,28,V,24,V,21,V,26,V,32,V,31,V
08,Barcelona,019,Barcelona,044,10,2022,4,21,13,V,15,V,13,V,8,V,6,V,9,V,4,V,8,V,15,V,28,V,12,V,,N,,N,,N,,N,,N,,N,,N,,N,,N,,N,,N,,N,,N
08,Barcelona,019,Barcelona,058,10,2022,4,18,10,V,14,V,9,V,5,V,17,V,23,V,9,V,13,V,20,V,26,V,17,V,25,V,33,V,27,V,25,V,23,V,23,V,22,V,25,V,24,V,22,V,23,V,19,V,17,V
08,Barcelona,019,Barcelona,058,10,2022,4,19,4,V,6,V,10,V,11,V,12,V,14,V,16,V,22,V,25,V,20,V,31,V,35,V,34,V,21,V,15,V,7,V,17,V,12,V,13,V,13,V,11,V,15,V,7,V,9,V
08,Barcelona,019,Barcelona,058,10,2022,4,20,14,V,18,V,8,V,3,V,8,V,14,V,13,V,12,V,10,V,15,V,15,V,16,V,16,V,15,V,14,V,16,V,15,V,14,V,19,V,17,V,17,V,13,V,8,V,5,V
08,Barcelona,019,Barcelona,058,10,2022,4,21,5,V,11,V,9,V,6,V,5,V,5,V,3,V,4,V,5,V,3,V,5,V,,N,,N,,N,,N,,N,,N,,N,,N,,N,,N,,N,,N,,N
08,Barcelona,019,Barcelona,057,10,2022,4,18,11,V,10,V,8,V,9,V,10,V,12,V,12,V,12,V,15,V,13,V,20,V,24,V,24,V,22,V,22,V,15,V,15,V,16,V,17,V,18,V,19,V,22,V,22,V,24,V
08,Barcelona,019,Barcelona,057,10,2022,4,19,26,V,22,V,15,V,12,V,13,V,16,V,22,V,27,V,42,V,48,V,53,V,42,V,35,V,24,V,21,V,13,V,10,V,11,V,12,V,11,V,13,V,13,V,10,V,9,V
08,Barcelona,019,Barcelona,057,10,2022,4,20,10,V,12,V,11,V,10,V,10,V,12,V,12,V,12,V,15,V,15,V,14,V,17,V,18,V,16,V,14,V,17,V,14,V,14,V,13,V,14,V,11,V,12,V,15,V,17,V
08,Barcelona,019,Barcelona,057,10,2022,4,21,10,V,9,V,8,V,7,V,5,V,3,V,2,V,3,V,3,V,,N,,N,,N,,N,,N,,N,,N,,N,,N,,N,,N,,N,,N,,N,,N
08,Barcelona,019,Barcelona,004,10,2022,4,18,13,V,7,V,18,V,14,V,15,V,22,V,20,V,17,V,18,V,24,V,54,V,35,V,53,V,19,V,36,V,20,V,20,V,19,V,25,V,25,V,22,V,17,V,18,V,16,V
08,Barcelona,019,Barcelona,004,10,2022,4,19,19,V,22,V,18,V,18,V,13,V,21,V,24,V,29,V,44,V,40,V,49,V,39,V,27,V,19,V,12,V,1,V,8,V,20,V,17,V,18,V,15,V,37,V,16,V,17,V
08,Barcelona,019,Barcelona,004,10,2022,4,20,17,V,19,V,6,V,9,V,11,V,17,V,10,V,9,V,12,V,21,V,21,V,25,V,21,V,,N,,N,,N,36,V,31,V,32,V,25,V,22,V,23,V,29,V,31,V
08,Barcelona,019,Barcelona,004,10,2022,4,21,20,V,17,V,15,V,12,V,10,V,10,V,6,V,7,V,13,V,12,V,10,V,,N,,N,,N,,N,,N,,N,,N,,N,,N,,N,,N,,N,,N
08,Barcelona,019,Barcelona,054,10,2022,4,18,13,V,16,V,10,V,9,V,16,V,17,V,17,V,14,V,16,V,15,V,14,V,28,V,38,V,32,V,19,V,29,V,21,V,17,V,22,V,25,V,25,V,27,V,25,V,22,V
08,Barcelona,019,Barcelona,054,10,2022,4,19,9,V,8,V,3,V,10,V,9,V,11,V,12,V,26,V,30,V,27,V,24,V,34,V,24,V,27,V,23,V,6,V,5,V,15,V,13,V,16,V,14,V,20,V,19,V,11,V
08,Barcelona,019,Barcelona,054,10,2022,4,20,20,V,14,V,10,V,9,V,6,V,7,V,12,V,13,V,14,V,21,V,,N,,N,,N,8,V,8,V,13,V,19,V,8,V,13,V,20,V,17,V,12,V,18,V,17,V
08,Barcelona,019,Barcelona,054,10,2022,4,21,17,V,12,V,9,V,1,V,3,V,3,V,3,V,1,V,2,V,5,V,1,V,,N,,N,,N,,N,,N,,N,,N,,N,,N,,N,,N,,N,,N
08,Barcelona,019,Barcelona,057,9,2022,4,18,8,V,8,V,6,V,7,V,7,V,9,V,9,V,9,V,9,V,7,V,13,V,15,V,16,V,14,V,15,V,11,V,10,V,12,V,13,V,15,V,15,V,18,V,19,V,21,V
08,Barcelona,019,Barcelona,057,9,2022,4,19,24,V,20,V,13,V,11,V,11,V,14,V,19,V,22,V,31,V,34,V,35,V,26,V,22,V,15,V,14,V,9,V,7,V,7,V,8,V,8,V,8,V,10,V,9,V,8,V
08,Barcelona,019,Barcelona,057,9,2022,4,20,8,V,10,V,9,V,8,V,8,V,9,V,9,V,8,V,8,V,8,V,8,V,8,V,9,V,9,V,9,V,10,V,10,V,8,V,9,V,11,V,9,V,9,V,12,V,12,V
08,Barcelona,019,Barcelona,057,9,2022,4,21,7,V,7,V,6,V,5,V,4,V,2,V,2,V,2,V,3,V,,N,,N,,N,,N,,N,,N,,N,,N,,N,,N,,N,,N,,N,,N,,N
08,Barcelona,019,Barcelona,043,901,2022,4,18,0,V,0,V,0,V,0,V,0,V,0,V,0,V,0,V,0,V,0,V,0,V,0,V,0,V,0,V,0,V,0,V,0,V,0,V,0,V,0,V,0,V,0,V,0,V,0,V
08,Barcelona,019,Barcelona,043,901,2022,4,19,0,V,0,V,0,V,0,V,0,V,0,V,0,V,0,V,0,V,0,V,0,V,0,V,0,V,0,V,0,V,0,V,0,V,0,V,0,V,0,V,0,V,0,V,0,V,0,V
08,Barcelona,019,Barcelona,043,901,2022,4,20,0,V,0,V,0,V,0,V,0,V,0,V,0,V,0,V,0,V,0,V,0,V,0,V,0,V,0,V,0,V,0,V,0,V,0,V,0,V,0,V,0,V,0,V,0,V,0,V
08,Barcelona,019,Barcelona,043,901,2022,4,21,0,V,0,V,0,V,0,V,0,V,0,V,0,V,0,V,0,V,0,V,0,V,,N,,N,,N,,N,,N,,N,,N,,N,,N,,N,,N,,N,,N
08,Barcelona,019,Barcelona,054,901,2022,4,18,0,V,0,V,0,V,0,V,0,V,0,V,0,V,0,V,0,V,0,V,0,V,0,V,0,V,0,V,0,V,0,V,0,V,0,V,0,V,0,V,0,V,0,V,0,V,0,V
08,Barcelona,019,Barcelona,054,901,2022,4,19,0,V,0,V,0,V,0,V,0,V,0,V,0,V,0,V,0,V,0,V,0,V,0,V,0,V,0,V,0,V,0,V,0,V,0,V,0,V,0,V,0,V,0,V,0,V,0,V
08,Barcelona,019,Barcelona,054,901,2022,4,20,0,V,0,V,0,V,0,V,0,V,0,V,0,V,0,V,0,V,0,V,,N,,N,,N,0,V,0,V,0,V,0,V,0,V,0,V,0,V,0,V,0,V,0,V,0,V
08,Barcelona,019,Barcelona,054,901,2022,4,21,0,V,0,V,0,V,0,V,0,V,0,V,0,V,0,V,0,V,0,V,0,V,,N,,N,,N,,N,,N,,N,,N,,N,,N,,N,,N,,N,,N
08,Barcelona,019,Barcelona,043,1,2022,4,18,1,V,1,V,1,V,1,V,2,V,2,V,2,V,2,V,2,V,3,V,2,V,3,V,2,V,3,V,2,V,2,V,2,V,2,V,2,V,3,V,3,V,2,V,2,V,2,V
08,Barcelona,019,Barcelona,043,1,2022,4,19,1,V,2,V,2,V,2,V,2,V,2,V,2,V,4,V,4,V,4,V,2,V,3,V,3,V,2,V,3,V,2,V,2,V,2,V,2,V,2,V,2,V,2,V,2,V,3,V
08,Barcelona,019,Barcelona,043,1,2022,4,20,2,V,3,V,2,V,3,V,3,V,3,V,3,V,2,V,2,V,2,V,2,V,2,V,2,V,2,V,2,V,2,V,2,V,2,V,2,V,2,V,2,V,2,V,2,V,3,V
08,Barcelona,019,Barcelona,043,1,2022,4,21,2,V,2,V,2,V,2,V,2,V,2,V,1,V,2,V,2,V,3,V,2,V,,N,,N,,N,,N,,N,,N,,N,,N,,N,,N,,N,,N,,N
08,Barcelona,019,Barcelona,044,1,2022,4,18,5,V,5,V,5,V,5,V,5,V,5,V,5,V,5,V,5,V,5,V,5,V,5,V,6,V,6,V,6,V,5,V,5,V,5,V,5,V,5,V,5,V,5,V,5,V,5,V
08,Barcelona,019,Barcelona,044,1,2022,4,19,5,V,5,V,5,V,5,V,5,V,5,V,5,V,5,V,6,V,6,V,5,V,6,V,5,V,5,V,5,V,5,V,5,V,4,V,4,V,4,V,5,V,4,V,4,V,4,V
08,Barcelona,019,Barcelona,044,1,2022,4,20,4,V,4,V,4,V,4,V,4,V,4,V,4,V,4,V,4,V,4,V,5,V,5,V,4,V,4,V,4,V,5,V,4,V,4,V,5,V,5,V,5,V,4,V,4,V,5,V
08,Barcelona,019,Barcelona,044,1,2022,4,21,4,V,4,V,5,V,4,V,4,V,5,V,5,V,5,V,5,V,7,V,5,V,,N,,N,,N,,N,,N,,N,,N,,N,,N,,N,,N,,N,,N
08,Barcelona,019,Barcelona,057,1,2022,4,18,1,V,2,V,1,V,2,V,1,V,1,V,1,V,1,V,1,V,2,V,2,V,2,V,2,V,2,V,2,V,2,V,2,V,2,V,1,V,1,V,1,V,1,V,2,V,1,V
08,Barcelona,019,Barcelona,057,1,2022,4,19,1,V,1,V,1,V,1,V,1,V,1,V,1,V,1,V,2,V,2,V,2,V,2,V,1,V,1,V,1,V,1,V,2,V,1,V,1,V,1,V,1,V,1,V,1,V,1,V
08,Barcelona,019,Barcelona,057,1,2022,4,20,1,V,1,V,1,V,1,V,1,V,1,V,1,V,1,V,1,V,1,V,1,V,1,V,1,V,1,V,1,V,1,V,1,V,1,V,1,V,1,V,1,V,1,V,1,V,1,V
08,Barcelona,019,Barcelona,057,1,2022,4,21,1,V,1,V,1,V,1,V,1,V,1,V,1,V,1,V,1,V,,N,,N,,N,,N,,N,,N,,N,,N,,N,,N,,N,,N,,N,,N,,N
08,Barcelona,019,Barcelona,054,1,2022,4,18,1,V,1,V,1,V,1,V,1,V,1,V,1,V,1,V,1,V,1,V,1,V,1,V,1,V,1,V,2,V,1,V,2,V,2,V,1,V,1,V,1,V,1,V,1,V,1,V
08,Barcelona,019,Barcelona,054,1,2022,4,19,1,V,1,V,1,V,1,V,1,V,1,V,1,V,1,V,1,V,1,V,1,V,1,V,1,V,1,V,1,V,1,V,1,V,1,V,1,V,1,V,1,V,1,V,1,V,1,V
08,Barcelona,019,Barcelona,054,1,2022,4,20,1,V,1,V,1,V,1,V,1,V,1,V,1,V,1,V,1,V,1,V,,N,,N,,N,1,V,1,V,1,V,1,V,1,V,1,V,1,V,1,V,1,V,1,V,1,V
08,Barcelona,019,Barcelona,054,1,2022,4,21,1,V,1,V,1,V,1,V,1,V,1,V,1,V,1,V,1,V,1,V,1,V,,N,,N,,N,,N,,N,,N,,N,,N,,N,,N,,N,,N,,N
08,Barcelona,019,Barcelona,057,106,2022,4,18,0.03,V,0.03,V,0.02,V,0.04,V,0.04,V,0.06,V,0.05,V,0.04,V,0.09,V,0.03,V,0.07,V,0.06,V,0.04,V,0.02,V,0.02,V,0.01,V,0.01,V,0.01,V,0.01,V,0.01,V,0.01,V,0.01,V,0.02,V,0.02,V
08,Barcelona,019,Barcelona,057,106,2022,4,19,0.02,V,0.01,V,0.01,V,0.01,V,0.01,V,0.02,V,0.03,V,0.05,V,0.21,V,0.25,V,0.15,V,0.07,V,0.03,V,0.03,V,0.05,V,0.09,V,0.04,V,0.06,V,0.06,V,0.05,V,0.1,V,0.07,V,0.08,V,0.04,V
08,Barcelona,019,Barcelona,057,106,2022,4,20,0.03,V,0.03,V,0.03,V,0.03,V,0.06,V,0.03,V,0.02,V,0.03,V,0.06,V,0.05,V,0.05,V,0.03,V,0.03,V,0.03,V,0.03,V,0.02,V,0.02,V,0.02,V,0.02,V,0.02,V,0.02,V,0.02,V,0.02,V,0.01,V
08,Barcelona,019,Barcelona,057,106,2022,4,21,0.02,V,0.02,V,0.02,V,0.02,V,0.02,V,0.02,V,0.02,V,0.03,V,0.06,V,,N,,N,,N,,N,,N,,N,,N,,N,,N,,N,,N,,N,,N,,N,,N
08,Barcelona,019,Barcelona,057,108,2022,4,18,17.74,V,19.28,V,14.24,V,15,V,19.07,V,33,V,30.58,V,23.94,V,30.21,V,10.01,V,31.91,V,40.41,V,23.23,V,15.35,V,13.92,V,7.12,V,10.29,V,14.89,V,12.94,V,21.01,V,30.73,V,22.32,V,14.35,V,27.71,V
08,Barcelona,019,Barcelona,057,108,2022,4,19,32.62,V,18.3,V,13.89,V,10.82,V,13.39,V,20.87,V,38,V,57.82,V,61.66,V,65.27,V,65.06,V,55.52,V,48.54,V,26.26,V,20,V,14.36,V,12.34,V,11.14,V,14.14,V,15.98,V,20.55,V,28.25,V,29.28,V,22.65,V
08,Barcelona,019,Barcelona,057,108,2022,4,20,26.51,V,13.8,V,9.82,V,13.14,V,13.7,V,10.87,V,10.1,V,14.69,V,16.08,V,14.04,V,13.2,V,11.85,V,13.07,V,13.25,V,11.72,V,12.68,V,13.29,V,8.99,V,9.72,V,13.37,V,13.88,V,11.83,V,9.59,V,6.96,V
08,Barcelona,019,Barcelona,057,108,2022,4,21,6.11,V,3.9,V,3.89,V,4.44,V,3.84,V,7.36,V,9.63,V,28.33,V,41.72,V,,N,,N,,N,,N,,N,,N,,N,,N,,N,,N,,N,,N,,N,,N,,N
08,Barcelona,019,Barcelona,057,112,2022,4,18,17.8,V,19.52,V,14.33,V,15.1,V,19.17,V,32.99,V,30.8,V,24.82,V,33.91,V,11.39,V,41.17,V,53.13,V,30.61,V,19.51,V,17.06,V,8.26,V,11.84,V,16.84,V,14,V,21.93,V,31.01,V,22.39,V,14.43,V,28.55,V
08,Barcelona,019,Barcelona,057,112,2022,4,19,32.81,V,18.44,V,14.65,V,10.92,V,14.15,V,21.33,V,44.15,V,87.81,V,141.69,V,137.22,V,124.39,V,74.65,V,57.86,V,28.75,V,22.12,V,15.56,V,14.07,V,12.12,V,14.63,V,16.4,V,20.81,V,28.63,V,29.87,V,23.37,V
08,Barcelona,019,Barcelona,057,112,2022,4,20,32.41,V,13.78,V,10.27,V,13.23,V,13.68,V,10.97,V,10.15,V,15.25,V,17.6,V,15.14,V,14.25,V,13.64,V,14.5,V,14.19,V,12.84,V,14.01,V,15.02,V,10.81,V,10.37,V,13.81,V,14.16,V,11.94,V,9.69,V,6.97,V
08,Barcelona,019,Barcelona,057,112,2022,4,21,6.43,V,3.94,V,3.95,V,4.51,V,3.88,V,7.51,V,9.74,V,29.27,V,44.44,V,,N,,N,,N,,N,,N,,N,,N,,N,,N,,N,,N,,N,,N,,N,,N
08,Barcelona,019,Barcelona,057,107,2022,4,18,0.04,V,0.16,V,0.06,V,0.07,V,0.07,V,-0.01,V,0.15,V,0.57,V,2.42,V,0.91,V,6.06,V,8.32,V,4.84,V,2.72,V,2.06,V,0.75,V,1.02,V,1.28,V,0.69,V,0.6,V,0.18,V,0.05,V,0.06,V,0.55,V
08,Barcelona,019,Barcelona,057,107,2022,4,19,0.13,V,0.1,V,0.5,V,0.07,V,0.5,V,0.31,V,4.02,V,19.62,V,52.37,V,47.08,V,38.82,V,12.52,V,6.1,V,1.63,V,1.38,V,0.79,V,1.13,V,0.64,V,0.32,V,0.27,V,0.17,V,0.24,V,0.39,V,0.47,V
08,Barcelona,019,Barcelona,057,107,2022,4,20,3.86,V,-0.02,V,0.3,V,0.06,V,-0.01,V,0.07,V,0.03,V,0.37,V,1,V,0.72,V,0.69,V,1.17,V,0.94,V,0.62,V,0.73,V,0.87,V,1.13,V,1.19,V,0.43,V,0.29,V,0.18,V,0.07,V,0.06,V,0.01,V
08,Barcelona,019,Barcelona,057,107,2022,4,21,0.21,V,0.03,V,0.04,V,0.05,V,0.03,V,0.1,V,0.07,V,0.62,V,1.78,V,,N,,N,,N,,N,,N,,N,,N,,N,,N,,N,,N,,N,,N,,N,,N
08,Barcelona,019,Barcelona,057,114,2022,4,18,59.7,V,52.2,V,54.2,V,56,V,47.6,V,31.9,V,30.9,V,42.9,V,40.5,V,71.7,V,43.6,V,47.5,V,63.2,V,78.3,V,84,V,101,V,97,V,98.8,V,103.9,V,90.4,V,74.5,V,80.1,V,80.9,V,57.7,V
08,Barcelona,019,Barcelona,057,114,2022,4,19,41,V,39,V,41.6,V,46.3,V,48,V,30.9,V,12.3,V,4,V,5.3,V,7.8,V,7.4,V,32.4,V,48.1,V,72.5,V,81.1,V,90.8,V,86.5,V,88.7,V,86.4,V,84.3,V,72.7,V,54.4,V,48.9,V,54.6,V
08,Barcelona,019,Barcelona,057,114,2022,4,20,49,V,66.2,V,72.5,V,74.9,V,77.5,V,70.8,V,71.6,V,72.5,V,75.6,V,72.9,V,72.2,V,72.4,V,77.1,V,81,V,81.1,V,81.4,V,80.2,V,86.6,V,90.8,V,81,V,78.1,V,78.8,V,80.8,V,85.9,V
08,Barcelona,019,Barcelona,057,114,2022,4,21,81.5,V,86.5,V,87.9,V,83.5,V,85.2,V,79.2,V,79.3,V,58.9,V,40.1,V,,N,,N,,N,,N,,N,,N,,N,,N,,N,,N,,N,,N,,N,,N,,N
08,Barcelona,019,Barcelona,057,110,2022,4,18,10.8,V,10.4,V,7.4,V,8.5,V,9.3,V,11.6,V,11.9,V,12,V,14.9,V,12.5,V,20.2,V,24.3,V,23.6,V,21.3,V,21.5,V,15.5,V,14.8,V,15.8,V,17.1,V,17.9,V,18.7,V,22,V,22.1,V,24.4,V
08,Barcelona,019,Barcelona,057,110,2022,4,19,26.1,V,22.1,V,15,V,12.1,V,12.4,V,15.6,V,21.9,V,27,V,41.4,V,47.8,V,53.2,V,41.6,V,34.4,V,23.5,V,20.5,V,12.8,V,10.2,V,10.6,V,11.5,V,11.5,V,13.2,V,12.8,V,9.6,V,8.7,V
08,Barcelona,019,Barcelona,057,110,2022,4,20,9.8,V,11.8,V,11.2,V,10.4,V,9.8,V,11.6,V,11.9,V,12,V,14.9,V,14.6,V,14.4,V,17,V,17.8,V,15.3,V,13.4,V,17.1,V,14,V,13.9,V,13,V,13.6,V,11.2,V,12.2,V,15.3,V,16.4,V
08,Barcelona,019,Barcelona,057,110,2022,4,21,9.9,V,9.1,V,7.7,V,6.5,V,4.5,V,3,V,2.2,V,2.7,V,3.3,V,,N,,N,,N,,N,,N,,N,,N,,N,,N,,N,,N,,N,,N,,N,,N
08,Barcelona,019,Barcelona,057,109,2022,4,18,8,V,7.7,V,6,V,6.4,V,7.2,V,8.9,V,9.1,V,8.4,V,9,V,7.4,V,12.5,V,14.6,V,15.9,V,13.9,V,15.2,V,10.8,V,10.5,V,11.6,V,13.2,V,14.6,V,15.2,V,18.4,V,19.1,V,21.1,V
08,Barcelona,019,Barcelona,057,109,2022,4,19,23.5,V,20,V,13.5,V,10.9,V,11,V,13.9,V,18.8,V,22.2,V,30.7,V,33.5,V,35,V,25.8,V,21.5,V,14.8,V,14.6,V,8.7,V,6.8,V,7.2,V,8.2,V,8,V,8.3,V,10,V,8.6,V,7.5,V
08,Barcelona,019,Barcelona,057,109,2022,4,20,8.2,V,9.9,V,9.2,V,8.3,V,7.7,V,9.1,V,9.2,V,8.3,V,7.6,V,7.6,V,7.5,V,7.9,V,8.6,V,8.9,V,9,V,10,V,9.6,V,7.9,V,9.3,V,11,V,9.1,V,9.4,V,11.6,V,11.9,V
08,Barcelona,019,Barcelona,057,109,2022,4,21,7.1,V,6.7,V,5.6,V,4.8,V,3.5,V,2.5,V,1.8,V,2.3,V,2.6,V,,N,,N,,N,,N,,N,,N,,N,,N,,N,,N,,N,,N,,N,,N,,N
08,Barcelona,019,Barcelona,057,101,2022,4,18,1.19,V,1.27,V,1.04,V,1.28,V,1.12,V,1.21,V,1.22,V,1.22,V,1.12,V,1.62,V,1.87,V,1.98,V,2.3,V,2.48,V,2.03,V,1.85,V,2.12,V,1.88,V,1.38,V,1.35,V,1.1,V,1.17,V,1.31,V,1.14,V
08,Barcelona,019,Barcelona,057,101,2022,4,19,1.03,V,1.15,V,1.17,V,1.3,V,1.01,V,0.94,V,1.24,V,1.32,V,1.97,V,1.73,V,1.78,V,1.41,V,1.15,V,1.28,V,1.22,V,1.33,V,1.77,V,1.28,V,1.11,V,0.93,V,0.88,V,1.23,V,1.07,V,1.16,V
08,Barcelona,019,Barcelona,057,101,2022,4,20,1.2,V,1.1,V,1.07,V,0.91,V,0.87,V,1.13,V,0.89,V,0.85,V,0.98,V,0.96,V,1.16,V,1.25,V,1.23,V,0.82,V,1.05,V,1.27,V,1.04,V,0.95,V,1.09,V,1.15,V,1.03,V,0.4,V,0.9,V,1.11,V
08,Barcelona,019,Barcelona,057,101,2022,4,21,1.22,V,0.97,V,1,V,1.26,V,1.09,V,1.03,V,1.08,V,1.18,V,0.9,V,,N,,N,,N,,N,,N,,N,,N,,N,,N,,N,,N,,N,,N,,N,,N
