CODI_PROVINCIA,PROVINCIA,CODI_MUNICIPI,MUNICIPI,ESTACIO,CODI_CONTAMINANT,ANY,MES,DIA,H01,V01,H02,V02,H03,V03,H04,V04,H05,V05,H06,V06,H07,V07,H08,V08,H09,V09,H10,V10,H11,V11,H12,V12,H13,V13,H14,V14,H15,V15,H16,V16,H17,V17,H18,V18,H19,V19,H20,V20,H21,V21,H22,V22,H23,V23,H24,V24
08,Barcelona,019,Barcelona,043,999,2022,4,4,29.8,V,40.2,V,55.1,V,47.9,V,35.5,V,30.3,V,25,V,20.9,V,19.4,V,21.7,V,21.4,V,19.9,V,20.7,V,22,V,22.3,V,23.1,V,22.3,V,19.8,V,20.1,V,19.7,V,20,V,19.7,V,23,V,21.7,V
08,Barcelona,019,Barcelona,043,999,2022,4,5,30.6,V,26.2,V,29.3,V,30.4,V,23.2,V,19.1,V,16.2,V,15.3,V,15.2,V,14.9,V,15.7,V,14.7,V,16.3,V,18.4,V,19.8,V,19.1,V,19.4,V,16.7,V,20.2,V,15.8,V,19.5,V,17.3,V,21.1,V,24,V
08,Barcelona,019,Barcelona,043,999,2022,4,6,24.3,V,29.6,V,26.9,V,28.8,V,30.2,V,26.9,V,22.5,V,19.6,V,16.6,V,18,V,16.9,V,17,V,20.6,V,19.1,V,17.5,V,20.5,V,20.8,V,20.6,V,21.8,V,21.9,V,23.6,V,21.9,V,22.7,V,23.9,V
08,Barcelona,019,Barcelona,043,999,2022,4,7,26,V,24.3,V,21.3,V,22.7,V,19.1,V,23.7,V,24,V,22,V,18,V,15.8,V,15,V,17.7,V,18.1,V,18.8,V,20.6,V,25.5,V,25.3,V,,N,,N,,N,,N,,N,,N,,N
08,Barcelona,019,Barcelona,054,999,2022,4,4,16.2,V,43,V,50.8,V,34.9,V,28,V,26.6,V,20.4,V,19.6,V,16.8,V,16.7,V,16,V,19.5,V,16.8,V,13.8,V,17.8,V,15.4,V,16.6,V,15.2,V,14.3,V,14.2,V,14.6,V,16.1,V,17.1,V,19.2,V
08,Barcelona,019,Barcelona,054,999,2022,4,5,27.2,V,19.3,V,32,V,33.2,V,30.3,V,18.6,V,17.4,V,12.7,V,10.1,V,14.6,V,20,V,17.5,V,15.8,V,18.9,V,19,V,18.9,V,17.8,V,16.8,V,15.7,V,16.8,V,14.6,V,13.2,V,14.8,V,18.5,V
08,Barcelona,019,Barcelona,054,999,2022,4,6,19.4,V,21.2,V,26.2,V,25.6,V,26.6,V,22,V,18.2,V,8.3,V,8,V,10.5,V,14.9,V,12.2,V,13,V,15.7,V,16,V,18.4,V,20.7,V,22.7,V,19.2,V,16.3,V,15.3,V,19.6,V,18.6,V,11.5,V
08,Barcelona,019,Barcelona,054,999,2022,4,7,12.3,V,12.6,V,16.3,V,16.2,V,20.3,V,18.7,V,14.1,V,10.8,V,12,V,16.4,V,15.6,V,21.8,V,16,V,20,V,27.1,V,27.3,V,19.3,V,,N,,N,,N,,N,,N,,N,,N
08,Barcelona,019,Barcelona,043,22,2022,4,4,682,V,671,V,861,V,527,V,550,V,799,V,875,V,1982,V,2615,V,1792,V,1487,V,983,V,1021,V,899,V,768,V,761,V,747,V,1037,V,781,V,961,V,1047,V,1069,V,1195,V,1128,V
08,Barcelona,019,Barcelona,043,22,2022,4,5,1141,V,1061,V,705,V,621,V,714,V,867,V,1918,V,3877,V,5197,V,3247,V,1638,V,2247,V,1967,V,1471,V,1157,V,1348,V,1065,V,1164,V,1072,V,2271,V,1594,V,1308,V,809,V,674,V
08,Barcelona,019,Barcelona,043,22,2022,4,6,645,V,982,V,994,V,752,V,582,V,658,V,1350,V,3059,V,3985,V,3472,V,3268,V,3300,V,2373,V,1622,V,1709,V,1075,V,1460,V,934,V,1602,V,1457,V,1247,V,1714,V,1709,V,2093,V
08,Barcelona,019,Barcelona,043,22,2022,4,7,1277,V,1173,V,1305,V,2617,V,3152,V,2559,V,2204,V,3457,V,3206,V,2830,V,1291,V,1104,V,1727,V,1706,V,959,V,667,V,867,V,,N,,N,,N,,N,,N,,N,,N
08,Barcelona,019,Barcelona,054,22,2022,4,4,645,V,938,V,908,V,690,V,623,V,638,V,1028,V,1282,V,1159,V,995,V,1082,V,395,V,401,V,583,V,509,V,417,V,402,V,437,V,392,V,439,V,590,V,1025,V,915,V,1223,V
08,Barcelona,019,Barcelona,054,22,2022,4,5,1494,V,1194,V,679,V,499,V,484,V,497,V,671,V,1112,V,3432,V,740,V,779,V,537,V,694,V,588,V,451,V,476,V,429,V,397,V,454,V,478,V,794,V,997,V,980,V,856,V
08,Barcelona,019,Barcelona,054,22,2022,4,6,739,V,636,V,657,V,454,V,511,V,602,V,1051,V,3208,V,4142,V,2138,V,1156,V,2339,V,1070,V,712,V,665,V,645,V,675,V,538,V,553,V,821,V,1173,V,1090,V,857,V,1461,V
08,Barcelona,019,Barcelona,054,22,2022,4,7,1093,V,1403,V,983,V,1036,V,1143,V,1215,V,1161,V,1140,V,1833,V,394,V,423,V,765,V,1196,V,890,V,489,V,370,V,550,V,,N,,N,,N,,N,,N,,N,,N
08,Barcelona,019,Barcelona,043,6,2022,4,4,0.2,V,0.2,V,0.3,V,0.2,V,0.2,V,0.2,V,0.2,V,0.5,V,0.7,V,0.5,V,0.3,V,0.3,V,0.3,V,0.3,V,0.3,V,0.3,V,0.3,V,0.4,V,0.4,V,0.5,V,0.5,V,0.4,V,0.4,V,0.3,V
08,Barcelona,019,Barcelona,043,6,2022,4,5,0.3,V,0.2,V,0.2,V,0.2,V,0.2,V,0.2,V,0.5,V,0.9,V,1.3,V,0.9,V,0.4,V,0.4,V,0.4,V,0.4,V,0.4,V,0.4,V,0.3,V,0.3,V,0.4,V,0.7,V,0.4,V,0.4,V,0.2,V,0.2,V
08,Barcelona,019,Barcelona,043,6,2022,4,6,0.2,V,0.2,V,0.2,V,0.2,V,0.2,V,0.2,V,0.3,V,0.7,V,0.9,V,0.8,V,0.7,V,0.4,V,0.4,V,0.3,V,0.5,V,0.4,V,0.3,V,0.3,V,0.5,V,0.5,V,0.4,V,0.4,V,0.4,V,0.5,V
08,Barcelona,019,Barcelona,043,6,2022,4,7,0.3,V,0.2,V,0.2,V,0.4,V,0.4,V,0.3,V,0.4,V,0.7,V,0.9,V,0.5,V,0.3,V,0.2,V,0.3,V,0.4,V,0.3,V,0.2,V,0.2,V,,N,,N,,N,,N,,N,,N,,N
08,Barcelona,019,Barcelona,044,6,2022,4,4,0.2,V,0.2,V,0.2,V,0.2,V,0.2,V,0.2,V,0.2,V,0.2,V,0.4,V,0.2,V,,N,,N,,N,,N,,N,,N,0.2,V,0.2,V,0.2,V,0.2,V,0.2,V,0.2,V,0.2,V,0.2,V
08,Barcelona,019,Barcelona,044,6,2022,4,5,0.2,V,0.2,V,0.2,V,0.2,V,0.2,V,0.2,V,0.2,V,0.3,V,0.8,V,0.3,V,0.2,V,0.2,V,0.2,V,0.2,V,0.2,V,0.2,V,0.2,V,0.2,V,0.3,V,0.3,V,0.4,V,0.3,V,0.2,V,0.2,V
08,Barcelona,019,Barcelona,044,6,2022,4,6,0.2,V,0.2,V,0.2,V,0.2,V,0.2,V,0.2,V,0.2,V,0.2,V,0.3,V,0.5,V,0.6,V,0.3,V,0.2,V,0.2,V,0.2,V,0.2,V,0.2,V,0.2,V,0.2,V,0.2,V,0.3,V,0.2,V,0.2,V,0.2,V
08,Barcelona,019,Barcelona,044,6,2022,4,7,0.2,V,0.2,V,0.2,V,0.2,V,0.2,V,0.2,V,0.2,V,0.3,V,0.2,V,0.2,V,0.2,V,0.2,V,0.2,V,0.2,V,0.2,V,0.2,V,0.2,V,,N,,N,,N,,N,,N,,N,,N
08,Barcelona,019,Barcelona,057,6,2022,4,4,0.2,V,0.2,V,0.2,V,0.2,V,0.2,V,0.2,V,0.2,V,0.2,V,0.3,V,0.2,V,0.2,V,0.2,V,0.2,V,0.2,V,0.2,V,0.2,V,0.2,V,0.2,V,0.2,V,0.2,V,0.2,V,0.2,V,0.2,V,0.2,V
08,Barcelona,019,Barcelona,057,6,2022,4,5,0.2,V,0.2,V,0.2,V,0.2,V,0.2,V,0.2,V,0.2,V,0.2,V,0.7,V,0.2,V,0.3,V,0.2,V,0.2,V,0.2,V,0.2,V,0.2,V,0.2,V,0.2,V,0.2,V,0.2,V,0.2,V,0.2,V,0.2,V,0.2,V
08,Barcelona,019,Barcelona,057,6,2022,4,6,0.2,V,0.2,V,0.2,V,0.2,V,0.2,V,0.2,V,0.2,V,0.2,V,0.4,V,0.3,V,0.3,V,0.2,V,,N,,N,,N,,N,0.2,V,0.2,V,0.2,V,0.2,V,0.2,V,0.2,V,0.2,V,0.2,V
08,Barcelona,019,Barcelona,057,6,2022,4,7,0.2,V,0.2,V,0.2,V,0.2,V,0.2,V,0.2,V,0.2,V,0.2,V,0.3,V,0.2,V,0.2,V,0.2,V,0.2,V,0.2,V,0.2,V,0.2,V,0.2,V,,N,,N,,N,,N,,N,,N,,N
08,Barcelona,019,Barcelona,054,6,2022,4,4,0.2,V,0.2,V,0.2,V,0.2,V,0.2,V,0.2,V,0.2,V,0.3,V,0.3,V,0.2,V,0.2,V,0.2,V,0.2,V,0.2,V,0.2,V,0.2,V,0.2,V,0.2,V,0.2,V,0.2,V,0.2,V,0.3,V,0.3,V,0.3,V
08,Barcelona,019,Barcelona,054,6,2022,4,5,0.3,V,0.2,V,0.2,V,0.2,V,0.2,V,0.2,V,0.2,V,0.3,V,0.7,V,0.2,V,0.2,V,0.2,V,0.2,V,0.2,V,0.2,V,0.2,V,0.2,V,0.2,V,0.2,V,0.2,V,0.2,V,0.3,V,0.3,V,0.3,V
08,Barcelona,019,Barcelona,054,6,2022,4,6,0.2,V,0.2,V,0.2,V,0.2,V,0.2,V,0.2,V,0.2,V,0.5,V,0.7,V,0.4,V,0.2,V,0.5,V,0.2,V,0.2,V,0.2,V,0.2,V,0.2,V,0.2,V,0.2,V,0.2,V,0.3,V,0.3,V,0.3,V,0.3,V
08,Barcelona,019,Barcelona,054,6,2022,4,7,0.3,V,0.3,V,0.3,V,0.2,V,0.3,V,0.2,V,0.2,V,0.3,V,0.4,V,0.2,V,0.2,V,0.4,V,0.3,V,0.2,V,0.2,V,0.2,V,0.2,V,,N,,N,,N,,N,,N,,N,,N
08,Barcelona,019,Barcelona,043,997,2022,4,4,3813,V,3813,V,3813,V,3812.3,V,3842.9,V,3849.3,V,3841,V,3838,V,3837.9,V,3833.1,V,3827,V,3826,V,3826,V,3826,V,3826,V,3824.8,V,3820.3,V,3815.1,V,3823.1,V,3838,V,3838,V,3837.6,V,3833.3,V,3827.5,V
08,Barcelona,019,Barcelona,043,997,2022,4,5,3826,V,3826,V,3825.5,V,3819.4,V,3813.9,V,3813,V,3813,V,3810,V,3841,V,3837.9,V,3834.9,V,3827,V,3826,V,3826,V,3825.2,V,3820.5,V,3814.6,V,3839.7,V,3851,V,3844,V,3838.6,V,3838,V,3838,V,3838,V
08,Barcelona,019,Barcelona,043,997,2022,4,6,3838,V,3838,V,3835.5,V,3828.8,V,3826,V,3826,V,3826,V,3824.9,V,3862.7,V,3841.3,V,3838,V,3834.8,V,3826.1,V,3826,V,3859.1,V,3851.2,V,3851,V,3849.7,V,3840.4,V,3838,V,3838,V,3838,V,3838,V,3837.2,V
08,Barcelona,019,Barcelona,043,997,2022,4,7,3832.3,V,3828,V,3851.7,V,3838,V,3834.6,V,3826.2,V,3826,V,3821.1,V,3840.5,V,3851,V,3850.7,V,3849.4,V,3843.1,V,3838.5,V,3838,V,3838,V,3838,V,,N,,N,,N,,N,,N,,N,,N
08,Barcelona,019,Barcelona,054,997,2022,4,4,3830,V,3830,V,3825.3,V,3818.1,V,3818,V,3818,V,3818,V,3812.9,V,3805.2,V,3805,V,3805,V,3805,V,3849.6,V,3843.6,V,3843,V,3843,V,3843,V,3843,V,3843,V,3840.8,V,3832.3,V,3830,V,3830,V,3830,V
08,Barcelona,019,Barcelona,054,997,2022,4,5,3826.1,V,3818,V,3818,V,3818,V,3816,V,3806.7,V,3805,V,3805,V,3805,V,3855,V,3855,V,3851.6,V,3843.8,V,3843,V,3843,V,3843,V,3843,V,3843,V,3839.8,V,3832.7,V,3830,V,3830,V,3830,V,3830,V
08,Barcelona,019,Barcelona,054,997,2022,4,6,3829.2,V,3822,V,3818,V,3818,V,3818,V,3818,V,3816.7,V,3805.3,V,3857.5,V,3843,V,3843,V,3834.7,V,3830,V,3830,V,3830,V,3830,V,3824.2,V,3818,V,3818,V,3818,V,3818,V,3814.6,V,3838.6,V,3842.9,V
08,Barcelona,019,Barcelona,054,997,2022,4,7,3834.8,V,3830,V,3830,V,3830,V,3823.4,V,3818,V,3818,V,3818,V,3814.8,V,3807.9,V,3805.4,V,3805,V,3805,V,3805,V,3805,V,3805,V,3864.8,V,,N,,N,,N,,N,,N,,N,,N
08,Barcelona,019,Barcelona,043,996,2022,4,4,1191.7,V,1191.6,V,1191.7,V,1192.5,V,1162,V,1155.6,V,1163.8,V,1166.7,V,1166.9,V,1171.6,V,1177.7,V,1178.7,V,1178.7,V,1178.7,V,1178.8,V,1179.9,V,1184.4,V,1189.7,V,1181.7,V,1166.7,V,1166.8,V,1167,V,1171.4,V,1177.3,V
08,Barcelona,019,Barcelona,043,996,2022,4,5,1178.7,V,1178.7,V,1179.3,V,1185.4,V,1190.9,V,1191.8,V,1191.9,V,1195.1,V,1163.7,V,1166.7,V,1169.6,V,1177.6,V,1178.7,V,1178.7,V,1179.5,V,1184.3,V,1190.3,V,1165.2,V,1153.6,V,1160.8,V,1166.1,V,1166.5,V,1166.6,V,1166.7,V
08,Barcelona,019,Barcelona,043,996,2022,4,6,1166.8,V,1166.7,V,1169.1,V,1176,V,1178.7,V,1178.8,V,1178.8,V,1180,V,1141.9,V,1163.4,V,1166.8,V,1169.9,V,1178.9,V,1179,V,1145.6,V,1153.3,V,1153.6,V,1155.2,V,1164.3,V,1166.7,V,1166.8,V,1166.7,V,1166.7,V,1167.4,V
08,Barcelona,019,Barcelona,043,996,2022,4,7,1172.5,V,1176.7,V,1153,V,1166.7,V,1170.1,V,1178.6,V,1178.9,V,1184,V,1164.3,V,1153.5,V,1153.7,V,1155.2,V,1161.4,V,1166.3,V,1166.9,V,1166.9,V,1166.9,V,,N,,N,,N,,N,,N,,N,,N
08,Barcelona,019,Barcelona,054,996,2022,4,4,1139,V,1139,V,1143.7,V,1151,V,1151,V,1151,V,1151,V,1156.2,V,1163.9,V,1164,V,1164,V,1164,V,1119.5,V,1125.4,V,1126,V,1126,V,1126,V,1126,V,1126.1,V,1128.3,V,1136.8,V,1139,V,1139,V,1139,V
08,Barcelona,019,Barcelona,054,996,2022,4,5,1142.9,V,1151,V,1151,V,1151,V,1153,V,1162.3,V,1164,V,1164,V,1164,V,1114,V,1114,V,1117.4,V,1125.2,V,1126,V,1126,V,1126,V,1126,V,1126,V,1129.3,V,1136.3,V,1139,V,1139,V,1139,V,1139,V
08,Barcelona,019,Barcelona,054,996,2022,4,6,1139.8,V,1147,V,1151,V,1151,V,1151,V,1151,V,1152.3,V,1163.7,V,1111.5,V,1126,V,1126,V,1134.3,V,1139,V,1139,V,1139,V,1139,V,1144.8,V,1151,V,1151,V,1151,V,1151,V,1154.4,V,1130.4,V,1126.2,V
08,Barcelona,019,Barcelona,054,996,2022,4,7,1134.2,V,1139,V,1139,V,1139,V,1145.6,V,1151,V,1151,V,1151,V,1154.2,V,1161.1,V,1163.7,V,1164,V,1164,V,1164,V,1164,V,1164,V,1104.2,V,,N,,N,,N,,N,,N,,N,,N
08,Barcelona,019,Barcelona,043,998,2022,4,4,5004.7,V,5004.6,V,5004.7,V,5004.8,V,5004.8,V,5004.9,V,5004.8,V,5004.7,V,5004.8,V,5004.7,V,5004.7,V,5004.7,V,5004.7,V,5004.7,V,5004.8,V,5004.7,V,5004.7,V,5004.8,V,5004.8,V,5004.7,V,5004.8,V,5004.6,V,5004.7,V,5004.8,V
08,Barcelona,019,Barcelona,043,998,2022,4,5,5004.7,V,5004.7,V,5004.7,V,5004.8,V,5004.8,V,5004.8,V,5004.9,V,5005.1,V,5004.7,V,5004.7,V,5004.5,V,5004.6,V,5004.7,V,5004.7,V,5004.8,V,5004.8,V,5004.9,V,5004.9,V,5004.6,V,5004.9,V,5004.7,V,5004.5,V,5004.6,V,5004.7,V
08,Barcelona,019,Barcelona,043,998,2022,4,6,5004.8,V,5004.7,V,5004.6,V,5004.7,V,5004.7,V,5004.8,V,5004.8,V,5004.8,V,5004.6,V,5004.8,V,5004.8,V,5004.7,V,5004.9,V,5005,V,5004.7,V,5004.5,V,5004.6,V,5004.8,V,5004.7,V,5004.7,V,5004.8,V,5004.7,V,5004.7,V,5004.6,V
08,Barcelona,019,Barcelona,043,998,2022,4,7,5004.8,V,5004.6,V,5004.7,V,5004.7,V,5004.8,V,5004.8,V,5004.8,V,5005.1,V,5004.8,V,5004.5,V,5004.4,V,5004.6,V,5004.5,V,5004.8,V,5004.9,V,5004.9,V,5004.9,V,,N,,N,,N,,N,,N,,N,,N
08,Barcelona,019,Barcelona,054,998,2022,4,4,4969,V,4969,V,4969,V,4969,V,4969,V,4969,V,4969,V,4969,V,4969,V,4969,V,4969,V,4969,V,4969,V,4969,V,4969,V,4969,V,4969,V,4969,V,4969,V,4969,V,4969,V,4969,V,4969,V,4969,V
08,Barcelona,019,Barcelona,054,998,2022,4,5,4969,V,4969,V,4969,V,4969,V,4969,V,4969,V,4969,V,4969,V,4969,V,4969,V,4969,V,4969,V,4969,V,4969,V,4969,V,4969,V,4969,V,4969,V,4969,V,4969,V,4969,V,4969,V,4969,V,4969,V
08,Barcelona,019,Barcelona,054,998,2022,4,6,4969,V,4969,V,4969,V,4969,V,4969,V,4969,V,4969,V,4969,V,4969,V,4969,V,4969,V,4969,V,4969,V,4969,V,4969,V,4969,V,4969,V,4969,V,4969,V,4969,V,4969,V,4969,V,4969,V,4969,V
08,Barcelona,019,Barcelona,054,998,2022,4,7,4969,V,4969,V,4969,V,4969,V,4969,V,4969,V,4969,V,4969,V,4969,V,4969,V,4969,V,4969,V,4969,V,4969,V,4969,V,4969,V,4969,V,,N,,N,,N,,N,,N,,N,,N
08,Barcelona,019,Barcelona,050,7,2022,4,4,1,V,1,V,1,V,1,V,1,V,1,V,1,V,2,V,9,V,11,V,11,V,7,V,5,V,2,V,2,V,1,V,4,V,1,V,1,V,1,V,1,V,1,V,1,V,1,V
08,Barcelona,019,Barcelona,050,7,2022,4,5,1,V,1,V,1,V,1,V,1,V,1,V,1,V,8,V,34,V,32,V,12,V,30,V,4,V,2,V,1,V,1,V,1,V,1,V,1,V,4,V,1,V,1,V,2,V,1,V
08,Barcelona,019,Barcelona,050,7,2022,4,6,1,V,1,V,1,V,1,V,1,V,1,V,3,V,8,V,60,V,79,V,73,V,46,V,34,V,5,V,7,V,5,V,2,V,3,V,10,V,4,V,16,V,1,V,1,V,14,V
08,Barcelona,019,Barcelona,050,7,2022,4,7,3,V,1,V,1,V,8,V,8,V,2,V,6,V,18,V,71,V,13,V,6,V,17,V,55,V,30,V,8,V,10,V,6,V,,N,,N,,N,,N,,N,,N,,N
08,Barcelona,019,Barcelona,043,7,2022,4,4,5,V,6,V,5,V,2,V,2,V,3,V,7,V,44,V,64,V,35,V,22,V,16,V,16,V,13,V,10,V,14,V,14,V,16,V,13,V,15,V,13,V,11,V,14,V,7,V
08,Barcelona,019,Barcelona,043,7,2022,4,5,10,V,3,V,4,V,5,V,7,V,6,V,40,V,121,V,157,V,76,V,30,V,33,V,34,V,23,V,19,V,17,V,15,V,17,V,12,V,31,V,16,V,10,V,1,V,1,V
08,Barcelona,019,Barcelona,043,7,2022,4,6,1,V,5,V,2,V,2,V,1,V,2,V,10,V,71,V,82,V,65,V,59,V,40,V,46,V,24,V,26,V,16,V,18,V,12,V,18,V,14,V,8,V,6,V,11,V,13,V
08,Barcelona,019,Barcelona,043,7,2022,4,7,5,V,6,V,4,V,38,V,55,V,25,V,33,V,85,V,92,V,52,V,22,V,18,V,27,V,22,V,13,V,7,V,9,V,,N,,N,,N,,N,,N,,N,,N
08,Barcelona,019,Barcelona,044,7,2022,4,4,5,V,2,V,2,V,2,V,2,V,3,V,4,V,14,V,104,V,84,V,,N,,N,,N,,N,,N,,N,19,V,14,V,9,V,7,V,3,V,3,V,5,V,4,V
08,Barcelona,019,Barcelona,044,7,2022,4,5,4,V,4,V,3,V,2,V,2,V,1,V,3,V,16,V,105,V,22,V,18,V,31,V,20,V,14,V,9,V,9,V,12,V,9,V,12,V,14,V,11,V,9,V,2,V,1,V
08,Barcelona,019,Barcelona,044,7,2022,4,6,2,V,3,V,3,V,4,V,6,V,2,V,9,V,29,V,38,V,55,V,66,V,34,V,27,V,16,V,9,V,8,V,9,V,7,V,12,V,5,V,3,V,4,V,2,V,2,V
08,Barcelona,019,Barcelona,044,7,2022,4,7,2,V,1,V,2,V,9,V,4,V,5,V,7,V,41,V,22,V,19,V,8,V,19,V,18,V,14,V,12,V,16,V,8,V,,N,,N,,N,,N,,N,,N,,N
08,Barcelona,019,Barcelona,058,7,2022,4,4,1,V,1,V,1,V,1,V,1,V,1,V,1,V,1,V,1,V,1,V,1,V,1,V,1,V,2,V,2,V,1,V,1,V,1,V,1,V,1,V,1,V,1,V,1,V,1,V
08,Barcelona,019,Barcelona,058,7,2022,4,5,1,V,1,V,1,V,1,V,1,V,1,V,1,V,1,V,1,V,1,V,1,V,1,V,2,V,2,V,1,V,1,V,1,V,1,V,1,V,1,V,1,V,1,V,1,V,1,V
08,Barcelona,019,Barcelona,058,7,2022,4,6,1,V,2,V,1,V,1,V,1,V,1,V,1,V,1,V,1,V,,N,,N,,N,6,V,4,V,2,V,1,V,1,V,1,V,1,V,1,V,1,V,1,V,1,V,1,V
08,Barcelona,019,Barcelona,058,7,2022,4,7,1,V,1,V,1,V,1,V,1,V,1,V,1,V,1,V,1,V,1,V,1,V,3,V,6,V,3,V,1,V,1,V,1,V,,N,,N,,N,,N,,N,,N,,N
08,Barcelona,019,Barcelona,057,7,2022,4,4,1,V,1,V,1,V,1,V,1,V,1,V,1,V,3,V,18,V,5,V,2,V,2,V,2,V,3,V,2,V,2,V,1,V,1,V,1,V,1,V,1,V,1,V,1,V,1,V
08,Barcelona,019,Barcelona,057,7,2022,4,5,1,V,1,V,1,V,1,V,1,V,1,V,1,V,4,V,77,V,3,V,11,V,11,V,4,V,4,V,2,V,3,V,1,V,1,V,1,V,1,V,1,V,1,V,1,V,1,V
08,Barcelona,019,Barcelona,057,7,2022,4,6,1,V,1,V,3,V,1,V,1,V,1,V,1,V,3,V,11,V,10,V,11,V,4,V,,N,,N,,N,,N,1,V,1,V,1,V,1,V,1,V,1,V,1,V,2,V
08,Barcelona,019,Barcelona,057,7,2022,4,7,1,V,7,V,1,V,1,V,2,V,1,V,1,V,9,V,30,V,2,V,2,V,4,V,7,V,3,V,2,V,1,V,2,V,,N,,N,,N,,N,,N,,N,,N
08,Barcelona,019,Barcelona,004,7,2022,4,4,1,V,2,V,1,V,1,V,1,V,1,V,5,V,11,V,18,V,28,V,22,V,15,V,5,V,2,V,2,V,2,V,2,V,2,V,2,V,1,V,1,V,1,V,1,V,1,V
08,Barcelona,019,Barcelona,004,7,2022,4,5,1,V,2,V,1,V,1,V,1,V,1,V,3,V,24,V,42,V,47,V,25,V,8,V,5,V,3,V,2,V,2,V,2,V,2,V,2,V,1,V,1,V,1,V,1,V,1,V
08,Barcelona,019,Barcelona,004,7,2022,4,6,1,V,3,V,1,V,1,V,1,V,2,V,2,V,25,V,51,V,39,V,35,V,37,V,19,V,9,V,3,V,3,V,2,V,3,V,2,V,3,V,6,V,2,V,1,V,3,V
08,Barcelona,019,Barcelona,004,7,2022,4,7,6,V,5,V,10,V,3,V,1,V,2,V,5,V,29,V,80,V,63,V,8,V,12,V,18,V,19,V,8,V,4,V,5,V,,N,,N,,N,,N,,N,,N,,N
08,Barcelona,019,Barcelona,042,7,2022,4,4,1,V,1,V,1,V,1,V,1,V,1,V,1,V,3,V,8,V,6,V,5,V,4,V,4,V,4,V,2,V,2,V,2,V,2,V,1,V,1,V,1,V,1,V,2,V,1,V
08,Barcelona,019,Barcelona,042,7,2022,4,5,3,V,1,V,1,V,2,V,1,V,1,V,2,V,21,V,42,V,20,V,17,V,15,V,6,V,6,V,4,V,3,V,2,V,2,V,2,V,2,V,1,V,1,V,1,V,1,V
08,Barcelona,019,Barcelona,042,7,2022,4,6,1,V,1,V,1,V,1,V,1,V,1,V,1,V,4,V,18,V,14,V,9,V,6,V,8,V,4,V,3,V,2,V,2,V,3,V,1,V,1,V,1,V,1,V,1,V,1,V
08,Barcelona,019,Barcelona,042,7,2022,4,7,1,V,1,V,1,V,1,V,1,V,2,V,2,V,11,V,21,V,17,V,3,V,6,V,9,V,4,V,3,V,2,V,2,V,,N,,N,,N,,N,,N,,N,,N
08,Barcelona,019,Barcelona,054,7,2022,4,4,8,V,1,V,1,V,1,V,1,V,1,V,2,V,6,V,5,V,5,V,7,V,3,V,2,V,3,V,2,V,2,V,1,V,1,V,1,V,1,V,1,V,2,V,2,V,1,V
08,Barcelona,019,Barcelona,054,7,2022,4,5,1,V,1,V,1,V,1,V,1,V,1,V,2,V,2,V,44,V,5,V,5,V,2,V,3,V,3,V,1,V,1,V,1,V,1,V,1,V,1,V,1,V,1,V,1,V,4,V
08,Barcelona,019,Barcelona,054,7,2022,4,6,1,V,1,V,1,V,1,V,1,V,1,V,1,V,20,V,49,V,19,V,5,V,21,V,5,V,3,V,2,V,2,V,1,V,1,V,1,V,1,V,1,V,1,V,2,V,2,V
08,Barcelona,019,Barcelona,054,7,2022,4,7,3,V,2,V,7,V,5,V,1,V,1,V,1,V,6,V,22,V,3,V,3,V,4,V,9,V,4,V,2,V,1,V,1,V,,N,,N,,N,,N,,N,,N,,N
08,Barcelona,019,Barcelona,050,8,2022,4,4,25,V,27,V,26,V,25,V,22,V,26,V,24,V,43,V,53,V,49,V,46,V,28,V,15,V,11,V,7,V,7,V,8,V,7,V,7,V,6,V,5,V,6,V,16,V,21,V
08,Barcelona,019,Barcelona,050,8,2022,4,5,45,V,47,V,30,V,28,V,23,V,22,V,31,V,76,V,87,V,70,V,47,V,37,V,21,V,11,V,7,V,9,V,6,V,6,V,5,V,20,V,26,V,27,V,30,V,22,V
08,Barcelona,019,Barcelona,050,8,2022,4,6,29,V,34,V,39,V,44,V,49,V,46,V,47,V,70,V,83,V,103,V,109,V,91,V,65,V,34,V,39,V,28,V,21,V,29,V,56,V,66,V,98,V,41,V,44,V,90,V
08,Barcelona,019,Barcelona,050,8,2022,4,7,79,V,36,V,50,V,63,V,57,V,49,V,53,V,58,V,74,V,33,V,16,V,46,V,67,V,64,V,31,V,27,V,23,V,,N,,N,,N,,N,,N,,N,,N
08,Barcelona,019,Barcelona,043,8,2022,4,4,38,V,34,V,36,V,19,V,19,V,24,V,34,V,63,V,76,V,60,V,50,V,31,V,30,V,26,V,22,V,23,V,27,V,30,V,29,V,35,V,35,V,41,V,50,V,47,V
08,Barcelona,019,Barcelona,043,8,2022,4,5,51,V,39,V,30,V,31,V,32,V,54,V,90,V,98,V,109,V,89,V,54,V,59,V,55,V,42,V,33,V,33,V,30,V,33,V,35,V,71,V,65,V,55,V,29,V,28,V
08,Barcelona,019,Barcelona,043,8,2022,4,6,32,V,39,V,46,V,33,V,25,V,22,V,61,V,95,V,93,V,96,V,89,V,75,V,79,V,55,V,51,V,35,V,40,V,34,V,48,V,46,V,47,V,60,V,80,V,90,V
08,Barcelona,019,Barcelona,043,8,2022,4,7,52,V,43,V,49,V,83,V,78,V,73,V,72,V,81,V,78,V,61,V,34,V,33,V,48,V,42,V,31,V,24,V,27,V,,N,,N,,N,,N,,N,,N,,N
08,Barcelona,019,Barcelona,044,8,2022,4,4,41,V,30,V,21,V,18,V,17,V,24,V,27,V,40,V,99,V,78,V,,N,,N,,N,,N,,N,,N,28,V,25,V,24,V,24,V,18,V,29,V,46,V,39,V
08,Barcelona,019,Barcelona,044,8,2022,4,5,38,V,28,V,20,V,19,V,18,V,21,V,46,V,83,V,110,V,56,V,40,V,60,V,47,V,34,V,23,V,24,V,24,V,23,V,29,V,53,V,70,V,55,V,34,V,29,V
08,Barcelona,019,Barcelona,044,8,2022,4,6,42,V,33,V,42,V,44,V,61,V,57,V,65,V,78,V,84,V,96,V,100,V,83,V,61,V,41,V,34,V,27,V,32,V,30,V,41,V,36,V,45,V,61,V,53,V,53,V
08,Barcelona,019,Barcelona,044,8,2022,4,7,49,V,34,V,49,V,66,V,53,V,59,V,61,V,75,V,51,V,37,V,21,V,34,V,41,V,38,V,28,V,27,V,24,V,,N,,N,,N,,N,,N,,N,,N
08,Barcelona,019,Barcelona,058,8,2022,4,4,3,V,7,V,3,V,3,V,2,V,3,V,3,V,4,V,3,V,5,V,7,V,6,V,6,V,11,V,11,V,8,V,7,V,7,V,8,V,6,V,8,V,10,V,7,V,9,V
08,Barcelona,019,Barcelona,058,8,2022,4,5,6,V,4,V,3,V,3,V,3,V,4,V,4,V,3,V,3,V,5,V,5,V,7,V,12,V,12,V,8,V,10,V,9,V,7,V,10,V,20,V,30,V,21,V,11,V,10,V
08,Barcelona,019,Barcelona,058,8,2022,4,6,5,V,19,V,7,V,4,V,4,V,4,V,6,V,8,V,7,V,,N,,N,,N,31,V,22,V,17,V,11,V,9,V,7,V,8,V,15,V,18,V,8,V,6,V,4,V
08,Barcelona,019,Barcelona,058,8,2022,4,7,5,V,5,V,8,V,9,V,4,V,3,V,3,V,4,V,4,V,5,V,4,V,11,V,18,V,13,V,6,V,3,V,7,V,,N,,N,,N,,N,,N,,N,,N
08,Barcelona,019,Barcelona,057,8,2022,4,4,27,V,21,V,10,V,9,V,11,V,18,V,13,V,40,V,60,V,33,V,17,V,9,V,8,V,14,V,11,V,11,V,8,V,7,V,8,V,11,V,14,V,19,V,24,V,33,V
08,Barcelona,019,Barcelona,057,8,2022,4,5,23,V,12,V,8,V,8,V,7,V,6,V,11,V,31,V,89,V,19,V,45,V,42,V,23,V,19,V,16,V,16,V,11,V,13,V,19,V,26,V,35,V,32,V,24,V,16,V
08,Barcelona,019,Barcelona,057,8,2022,4,6,23,V,39,V,36,V,28,V,15,V,9,V,15,V,63,V,60,V,50,V,44,V,28,V,,N,,N,,N,,N,9,V,10,V,13,V,19,V,35,V,48,V,40,V,51,V
08,Barcelona,019,Barcelona,057,8,2022,4,7,66,V,64,V,32,V,29,V,27,V,27,V,24,V,38,V,43,V,10,V,9,V,16,V,22,V,13,V,11,V,6,V,12,V,,N,,N,,N,,N,,N,,N,,N
08,Barcelona,019,Barcelona,004,8,2022,4,4,36,V,26,V,25,V,30,V,24,V,32,V,47,V,53,V,54,V,56,V,52,V,36,V,16,V,10,V,10,V,10,V,8,V,8,V,11,V,7,V,7,V,10,V,22,V,34,V
08,Barcelona,019,Barcelona,004,8,2022,4,5,36,V,41,V,45,V,32,V,26,V,31,V,52,V,72,V,71,V,64,V,59,V,35,V,21,V,14,V,10,V,12,V,10,V,13,V,11,V,10,V,15,V,15,V,55,V,31,V
08,Barcelona,019,Barcelona,004,8,2022,4,6,68,V,63,V,41,V,41,V,35,V,37,V,54,V,74,V,72,V,65,V,65,V,89,V,56,V,41,V,20,V,18,V,15,V,24,V,19,V,44,V,80,V,46,V,49,V,85,V
08,Barcelona,019,Barcelona,004,8,2022,4,7,92,V,76,V,70,V,58,V,50,V,43,V,54,V,63,V,65,V,55,V,26,V,31,V,39,V,49,V,34,V,19,V,25,V,,N,,N,,N,,N,,N,,N,,N
08,Barcelona,019,Barcelona,042,8,2022,4,4,26,V,23,V,19,V,18,V,17,V,24,V,32,V,40,V,56,V,39,V,30,V,16,V,18,V,19,V,10,V,11,V,10,V,10,V,10,V,12,V,16,V,21,V,39,V,36,V
08,Barcelona,019,Barcelona,042,8,2022,4,5,36,V,27,V,16,V,18,V,18,V,35,V,47,V,77,V,81,V,72,V,61,V,57,V,31,V,30,V,19,V,18,V,14,V,11,V,23,V,34,V,31,V,25,V,23,V,23,V
08,Barcelona,019,Barcelona,042,8,2022,4,6,22,V,25,V,36,V,36,V,19,V,18,V,21,V,60,V,70,V,61,V,45,V,35,V,45,V,21,V,18,V,13,V,10,V,11,V,13,V,19,V,29,V,42,V,51,V,63,V
08,Barcelona,019,Barcelona,042,8,2022,4,7,37,V,32,V,25,V,45,V,39,V,52,V,23,V,57,V,59,V,42,V,12,V,20,V,28,V,16,V,11,V,9,V,10,V,,N,,N,,N,,N,,N,,N,,N
08,Barcelona,019,Barcelona,054,8,2022,4,4,53,V,16,V,11,V,9,V,6,V,10,V,16,V,26,V,28,V,24,V,27,V,11,V,8,V,14,V,12,V,9,V,8,V,9,V,8,V,10,V,15,V,27,V,33,V,30,V
08,Barcelona,019,Barcelona,054,8,2022,4,5,28,V,20,V,17,V,11,V,10,V,17,V,25,V,39,V,75,V,22,V,19,V,11,V,15,V,13,V,8,V,9,V,8,V,7,V,10,V,12,V,33,V,36,V,36,V,46,V
08,Barcelona,019,Barcelona,054,8,2022,4,6,23,V,25,V,24,V,9,V,13,V,15,V,22,V,76,V,79,V,53,V,25,V,59,V,26,V,16,V,16,V,11,V,10,V,8,V,9,V,17,V,33,V,30,V,48,V,55,V
08,Barcelona,019,Barcelona,054,8,2022,4,7,48,V,57,V,54,V,48,V,23,V,22,V,27,V,32,V,38,V,10,V,9,V,12,V,25,V,16,V,10,V,7,V,9,V,,N,,N,,N,,N,,N,,N,,N
08,Barcelona,019,Barcelona,050,12,2022,4,4,26,V,27,V,26,V,25,V,22,V,27,V,24,V,46,V,66,V,66,V,62,V,39,V,22,V,14,V,9,V,8,V,14,V,8,V,8,V,6,V,6,V,6,V,17,V,21,V
08,Barcelona,019,Barcelona,050,12,2022,4,5,45,V,47,V,30,V,28,V,22,V,22,V,32,V,88,V,138,V,119,V,66,V,83,V,26,V,13,V,8,V,10,V,7,V,7,V,6,V,26,V,26,V,28,V,31,V,22,V
08,Barcelona,019,Barcelona,050,12,2022,4,6,30,V,34,V,40,V,45,V,51,V,48,V,52,V,82,V,176,V,224,V,221,V,162,V,116,V,42,V,49,V,34,V,24,V,34,V,72,V,72,V,122,V,42,V,45,V,110,V
08,Barcelona,019,Barcelona,050,12,2022,4,7,83,V,37,V,51,V,75,V,70,V,52,V,62,V,85,V,182,V,52,V,25,V,72,V,152,V,109,V,43,V,43,V,31,V,,N,,N,,N,,N,,N,,N,,N
08,Barcelona,019,Barcelona,043,12,2022,4,4,45,V,44,V,43,V,22,V,22,V,28,V,45,V,129,V,173,V,114,V,84,V,55,V,55,V,46,V,37,V,45,V,48,V,55,V,48,V,58,V,55,V,58,V,71,V,57,V
08,Barcelona,019,Barcelona,043,12,2022,4,5,66,V,43,V,36,V,38,V,42,V,63,V,152,V,283,V,348,V,205,V,99,V,110,V,107,V,78,V,61,V,59,V,54,V,58,V,54,V,118,V,89,V,70,V,32,V,29,V
08,Barcelona,019,Barcelona,043,12,2022,4,6,33,V,46,V,49,V,36,V,27,V,25,V,75,V,203,V,218,V,195,V,179,V,136,V,148,V,92,V,91,V,59,V,67,V,51,V,76,V,68,V,59,V,70,V,96,V,110,V
08,Barcelona,019,Barcelona,043,12,2022,4,7,60,V,52,V,55,V,141,V,163,V,111,V,123,V,211,V,218,V,141,V,68,V,60,V,89,V,75,V,50,V,34,V,41,V,,N,,N,,N,,N,,N,,N,,N
08,Barcelona,019,Barcelona,044,12,2022,4,4,49,V,33,V,24,V,22,V,20,V,29,V,33,V,61,V,259,V,206,V,,N,,N,,N,,N,,N,,N,56,V,46,V,38,V,35,V,23,V,34,V,54,V,45,V
08,Barcelona,019,Barcelona,044,12,2022,4,5,44,V,35,V,23,V,21,V,19,V,23,V,51,V,108,V,271,V,90,V,67,V,107,V,76,V,55,V,37,V,37,V,43,V,38,V,48,V,73,V,87,V,68,V,36,V,31,V
08,Barcelona,019,Barcelona,044,12,2022,4,6,44,V,37,V,46,V,50,V,70,V,61,V,79,V,122,V,142,V,178,V,201,V,135,V,103,V,65,V,47,V,40,V,47,V,41,V,59,V,44,V,50,V,66,V,57,V,56,V
08,Barcelona,019,Barcelona,044,12,2022,4,7,53,V,35,V,52,V,80,V,58,V,66,V,70,V,137,V,84,V,65,V,34,V,61,V,69,V,59,V,45,V,51,V,36,V,,N,,N,,N,,N,,N,,N,,N
08,Barcelona,019,Barcelona,058,12,2022,4,4,3,V,7,V,3,V,3,V,2,V,3,V,3,V,4,V,4,V,5,V,8,V,8,V,7,V,14,V,13,V,9,V,8,V,8,V,9,V,7,V,8,V,10,V,7,V,9,V
08,Barcelona,019,Barcelona,058,12,2022,4,5,6,V,4,V,3,V,3,V,3,V,4,V,4,V,3,V,3,V,6,V,6,V,9,V,15,V,15,V,10,V,12,V,11,V,8,V,11,V,21,V,31,V,21,V,11,V,11,V
08,Barcelona,019,Barcelona,058,12,2022,4,6,5,V,21,V,7,V,4,V,4,V,4,V,6,V,8,V,8,V,,N,,N,,N,40,V,28,V,21,V,13,V,10,V,8,V,9,V,16,V,18,V,9,V,6,V,4,V
08,Barcelona,019,Barcelona,058,12,2022,4,7,5,V,5,V,8,V,9,V,4,V,3,V,3,V,4,V,5,V,6,V,6,V,16,V,27,V,17,V,8,V,3,V,8,V,,N,,N,,N,,N,,N,,N,,N
08,Barcelona,019,Barcelona,057,12,2022,4,4,28,V,21,V,10,V,9,V,11,V,18,V,13,V,45,V,87,V,40,V,21,V,11,V,11,V,18,V,13,V,13,V,9,V,9,V,8,V,12,V,14,V,19,V,24,V,34,V
08,Barcelona,019,Barcelona,057,12,2022,4,5,23,V,13,V,9,V,8,V,7,V,6,V,12,V,36,V,207,V,22,V,61,V,58,V,30,V,24,V,19,V,20,V,13,V,15,V,21,V,27,V,36,V,32,V,24,V,17,V
08,Barcelona,019,Barcelona,057,12,2022,4,6,23,V,40,V,39,V,28,V,15,V,10,V,16,V,68,V,77,V,65,V,61,V,35,V,,N,,N,,N,,N,11,V,12,V,14,V,20,V,35,V,48,V,40,V,53,V
08,Barcelona,019,Barcelona,057,12,2022,4,7,67,V,75,V,32,V,29,V,29,V,28,V,26,V,51,V,88,V,13,V,12,V,23,V,32,V,16,V,14,V,8,V,15,V,,N,,N,,N,,N,,N,,N,,N
08,Barcelona,019,Barcelona,004,12,2022,4,4,37,V,29,V,25,V,32,V,25,V,34,V,54,V,70,V,82,V,98,V,85,V,59,V,23,V,14,V,13,V,12,V,11,V,11,V,14,V,8,V,8,V,11,V,23,V,35,V
08,Barcelona,019,Barcelona,004,12,2022,4,5,36,V,43,V,47,V,33,V,27,V,32,V,57,V,108,V,135,V,135,V,97,V,48,V,29,V,18,V,13,V,15,V,13,V,16,V,13,V,11,V,16,V,16,V,57,V,32,V
08,Barcelona,019,Barcelona,004,12,2022,4,6,70,V,67,V,42,V,42,V,35,V,40,V,58,V,111,V,150,V,125,V,118,V,146,V,86,V,55,V,24,V,22,V,18,V,29,V,22,V,48,V,88,V,48,V,50,V,90,V
08,Barcelona,019,Barcelona,004,12,2022,4,7,101,V,84,V,85,V,62,V,51,V,45,V,61,V,106,V,188,V,152,V,39,V,49,V,66,V,78,V,46,V,26,V,33,V,,N,,N,,N,,N,,N,,N,,N
08,Barcelona,019,Barcelona,042,12,2022,4,4,27,V,23,V,19,V,19,V,17,V,24,V,32,V,44,V,69,V,48,V,38,V,21,V,24,V,25,V,14,V,14,V,13,V,14,V,12,V,14,V,17,V,22,V,41,V,38,V
08,Barcelona,019,Barcelona,042,12,2022,4,5,40,V,28,V,16,V,20,V,18,V,35,V,49,V,109,V,145,V,103,V,87,V,79,V,41,V,39,V,24,V,22,V,16,V,14,V,26,V,37,V,33,V,26,V,24,V,23,V
08,Barcelona,019,Barcelona,042,12,2022,4,6,24,V,26,V,37,V,37,V,20,V,18,V,22,V,67,V,97,V,82,V,59,V,44,V,57,V,26,V,22,V,17,V,13,V,16,V,15,V,21,V,30,V,43,V,52,V,64,V
08,Barcelona,019,Barcelona,042,12,2022,4,7,38,V,34,V,25,V,47,V,39,V,54,V,26,V,74,V,91,V,67,V,17,V,29,V,41,V,21,V,15,V,13,V,13,V,,N,,N,,N,,N,,N,,N,,N
08,Barcelona,019,Barcelona,054,12,2022,4,4,65,V,16,V,12,V,9,V,6,V,10,V,18,V,35,V,36,V,32,V,37,V,17,V,11,V,18,V,16,V,11,V,10,V,11,V,9,V,10,V,16,V,30,V,37,V,32,V
08,Barcelona,019,Barcelona,054,12,2022,4,5,29,V,20,V,18,V,12,V,11,V,18,V,26,V,41,V,142,V,30,V,26,V,14,V,20,V,18,V,10,V,11,V,9,V,8,V,10,V,13,V,34,V,37,V,37,V,51,V
08,Barcelona,019,Barcelona,054,12,2022,4,6,24,V,26,V,24,V,10,V,13,V,15,V,23,V,106,V,153,V,83,V,32,V,90,V,35,V,21,V,19,V,14,V,12,V,9,V,10,V,17,V,33,V,30,V,51,V,57,V
08,Barcelona,019,Barcelona,054,12,2022,4,7,52,V,60,V,64,V,56,V,24,V,24,V,29,V,41,V,71,V,14,V,13,V,17,V,39,V,22,V,12,V,9,V,12,V,,N,,N,,N,,N,,N,,N,,N
08,Barcelona,019,Barcelona,050,14,2022,4,4,55,V,54,V,44,V,41,V,49,V,46,V,45,V,23,V,21,V,27,V,34,V,58,V,73,V,83,V,89,V,92,V,89,V,91,V,90,V,93,V,93,V,92,V,78,V,70,V
08,Barcelona,019,Barcelona,050,14,2022,4,5,42,V,38,V,51,V,55,V,55,V,62,V,55,V,13,V,10,V,21,V,50,V,69,V,78,V,91,V,98,V,96,V,100,V,99,V,99,V,82,V,75,V,72,V,72,V,79,V
08,Barcelona,019,Barcelona,050,14,2022,4,6,65,V,54,V,33,V,23,V,14,V,15,V,20,V,7,V,2,V,4,V,11,V,20,V,55,V,81,V,82,V,95,V,98,V,89,V,71,V,61,V,28,V,69,V,59,V,16,V
08,Barcelona,019,Barcelona,050,14,2022,4,7,22,V,41,V,12,V,1,V,2,V,19,V,12,V,1,V,3,V,38,V,58,V,42,V,24,V,35,V,68,V,74,V,78,V,,N,,N,,N,,N,,N,,N,,N
08,Barcelona,019,Barcelona,043,14,2022,4,4,55,V,51,V,37,V,53,V,50,V,45,V,41,V,17,V,10,V,22,V,33,V,65,V,67,V,76,V,84,V,85,V,81,V,78,V,80,V,74,V,73,V,64,V,51,V,49,V
08,Barcelona,019,Barcelona,043,14,2022,4,5,39,V,48,V,60,V,60,V,59,V,40,V,8,V,2,V,3,V,23,V,52,V,50,V,57,V,73,V,82,V,84,V,88,V,84,V,80,V,45,V,48,V,52,V,73,V,72,V
08,Barcelona,019,Barcelona,043,14,2022,4,6,67,V,49,V,40,V,58,V,70,V,74,V,31,V,5,V,4,V,8,V,17,V,34,V,44,V,64,V,70,V,85,V,84,V,86,V,76,V,81,V,69,V,50,V,29,V,19,V
08,Barcelona,019,Barcelona,043,14,2022,4,7,49,V,47,V,36,V,3,V,4,V,3,V,5,V,3,V,4,V,12,V,35,V,37,V,38,V,54,V,64,V,74,V,77,V,,N,,N,,N,,N,,N,,N,,N
08,Barcelona,019,Barcelona,044,14,2022,4,4,46,V,48,V,45,V,49,V,50,V,44,V,43,V,29,V,10,V,17,V,,N,,N,,N,,N,,N,,N,73,V,75,V,76,V,75,V,81,V,67,V,46,V,47,V
08,Barcelona,019,Barcelona,044,14,2022,4,5,42,V,55,V,63,V,64,V,67,V,67,V,46,V,19,V,5,V,41,V,57,V,43,V,52,V,70,V,78,V,76,V,83,V,83,V,76,V,52,V,35,V,45,V,66,V,67,V
08,Barcelona,019,Barcelona,044,14,2022,4,6,50,V,55,V,42,V,40,V,20,V,22,V,20,V,12,V,7,V,9,V,13,V,21,V,46,V,61,V,70,V,75,V,79,V,78,V,72,V,81,V,66,V,46,V,49,V,47,V
08,Barcelona,019,Barcelona,044,14,2022,4,7,49,V,58,V,34,V,13,V,27,V,13,V,11,V,2,V,16,V,31,V,46,V,32,V,33,V,46,V,61,V,68,V,70,V,,N,,N,,N,,N,,N,,N,,N
08,Barcelona,019,Barcelona,058,14,2022,4,4,90,V,77,V,82,V,85,V,87,V,85,V,85,V,81,V,78,V,72,V,73,V,78,V,81,V,78,V,79,V,86,V,87,V,88,V,86,V,88,V,86,V,83,V,83,V,79,V
08,Barcelona,019,Barcelona,058,14,2022,4,5,85,V,92,V,93,V,95,V,95,V,94,V,94,V,96,V,94,V,89,V,87,V,85,V,85,V,85,V,91,V,90,V,92,V,95,V,91,V,80,V,68,V,75,V,87,V,88,V
08,Barcelona,019,Barcelona,058,14,2022,4,6,94,V,78,V,96,V,101,V,104,V,99,V,93,V,90,V,90,V,,N,,N,,N,66,V,79,V,86,V,94,V,102,V,100,V,98,V,96,V,91,V,97,V,99,V,101,V
08,Barcelona,019,Barcelona,058,14,2022,4,7,98,V,94,V,89,V,85,V,78,V,64,V,64,V,56,V,52,V,55,V,59,V,57,V,56,V,74,V,83,V,87,V,87,V,,N,,N,,N,,N,,N,,N,,N
08,Barcelona,019,Barcelona,057,14,2022,4,4,52,V,61,V,64,V,58,V,56,V,47,V,55,V,30,V,16,V,45,V,64,V,77,V,77,V,75,V,82,V,85,V,87,V,88,V,90,V,87,V,85,V,76,V,68,V,54,V
08,Barcelona,019,Barcelona,057,14,2022,4,5,60,V,77,V,87,V,85,V,87,V,90,V,85,V,61,V,20,V,70,V,47,V,54,V,77,V,79,V,83,V,85,V,91,V,89,V,83,V,79,V,66,V,71,V,74,V,80,V
08,Barcelona,019,Barcelona,057,14,2022,4,6,63,V,40,V,45,V,56,V,73,V,82,V,73,V,24,V,27,V,29,V,47,V,62,V,,N,,N,,N,,N,104,V,98,V,100,V,98,V,73,V,54,V,55,V,39,V
08,Barcelona,019,Barcelona,057,14,2022,4,7,20,V,21,V,42,V,39,V,47,V,46,V,47,V,26,V,24,V,49,V,57,V,51,V,55,V,78,V,80,V,85,V,85,V,,N,,N,,N,,N,,N,,N,,N
08,Barcelona,019,Barcelona,054,14,2022,4,4,26,V,60,V,56,V,59,V,63,V,60,V,52,V,38,V,37,V,44,V,43,V,79,V,82,V,82,V,88,V,92,V,93,V,92,V,93,V,93,V,86,V,67,V,55,V,56,V
08,Barcelona,019,Barcelona,054,14,2022,4,5,50,V,63,V,66,V,74,V,73,V,73,V,64,V,50,V,21,V,71,V,70,V,85,V,84,V,92,V,98,V,99,V,99,V,99,V,96,V,94,V,68,V,64,V,57,V,47,V
08,Barcelona,019,Barcelona,054,14,2022,4,6,68,V,64,V,67,V,91,V,84,V,78,V,64,V,13,V,14,V,33,V,59,V,40,V,76,V,89,V,91,V,101,V,107,V,107,V,103,V,102,V,80,V,78,V,56,V,42,V
08,Barcelona,019,Barcelona,054,14,2022,4,7,45,V,27,V,34,V,37,V,59,V,53,V,48,V,34,V,23,V,51,V,56,V,59,V,53,V,76,V,81,V,84,V,88,V,,N,,N,,N,,N,,N,,N,,N
08,Barcelona,019,Barcelona,043,10,2022,4,4,13,V,16,V,18,V,11,V,11,V,12,V,16,V,24,V,32,V,31,V,25,V,21,V,19,V,20,V,14,V,17,V,17,V,24,V,24,V,28,V,29,V,26,V,25,V,19,V
08,Barcelona,019,Barcelona,043,10,2022,4,5,20,V,23,V,15,V,12,V,12,V,12,V,24,V,40,V,49,V,41,V,23,V,28,V,27,V,23,V,17,V,19,V,23,V,21,V,30,V,29,V,36,V,30,V,24,V,22,V
08,Barcelona,019,Barcelona,043,10,2022,4,6,19,V,28,V,23,V,16,V,18,V,17,V,28,V,43,V,52,V,52,V,51,V,48,V,37,V,25,V,38,V,27,V,35,V,38,V,45,V,44,V,42,V,37,V,39,V,45,V
08,Barcelona,019,Barcelona,043,10,2022,4,7,42,V,33,V,33,V,38,V,39,V,38,V,38,V,46,V,47,V,35,V,19,V,22,V,38,V,35,V,47,V,44,V,75,V,,N,,N,,N,,N,,N,,N,,N
08,Barcelona,019,Barcelona,044,10,2022,4,4,33,V,18,V,19,V,6,V,10,V,12,V,13,V,18,V,27,V,23,V,,N,,N,,N,,N,,N,,N,,N,,N,12,V,16,V,15,V,15,V,16,V,11,V
08,Barcelona,019,Barcelona,044,10,2022,4,5,15,V,16,V,12,V,7,V,7,V,6,V,9,V,14,V,30,V,21,V,14,V,21,V,30,V,25,V,17,V,18,V,19,V,17,V,18,V,19,V,23,V,25,V,22,V,18,V
08,Barcelona,019,Barcelona,044,10,2022,4,6,18,V,19,V,15,V,17,V,19,V,21,V,21,V,26,V,37,V,40,V,47,V,44,V,38,V,26,V,27,V,23,V,24,V,24,V,26,V,30,V,33,V,33,V,27,V,22,V
08,Barcelona,019,Barcelona,044,10,2022,4,7,33,V,30,V,26,V,27,V,25,V,28,V,27,V,30,V,21,V,16,V,15,V,20,V,29,V,34,V,44,V,37,V,48,V,,N,,N,,N,,N,,N,,N,,N
08,Barcelona,019,Barcelona,058,10,2022,4,4,6,V,12,V,7,V,8,V,8,V,9,V,9,V,11,V,11,V,11,V,12,V,16,V,9,V,13,V,11,V,8,V,12,V,13,V,14,V,18,V,16,V,7,V,9,V,9,V
08,Barcelona,019,Barcelona,058,10,2022,4,5,11,V,9,V,9,V,8,V,8,V,7,V,7,V,8,V,10,V,11,V,10,V,8,V,11,V,14,V,12,V,13,V,16,V,14,V,16,V,18,V,19,V,22,V,16,V,12,V
08,Barcelona,019,Barcelona,058,10,2022,4,6,13,V,15,V,9,V,11,V,9,V,15,V,17,V,20,V,18,V,,N,,N,,N,10,V,11,V,15,V,15,V,17,V,15,V,15,V,23,V,29,V,18,V,15,V,12,V
08,Barcelona,019,Barcelona,058,10,2022,4,7,13,V,16,V,14,V,17,V,15,V,11,V,13,V,12,V,9,V,9,V,9,V,11,V,20,V,24,V,22,V,17,V,23,V,,N,,N,,N,,N,,N,,N,,N
08,Barcelona,019,Barcelona,057,10,2022,4,4,5,V,9,V,9,V,10,V,10,V,9,V,9,V,11,V,14,V,13,V,12,V,11,V,10,V,14,V,12,V,10,V,9,V,10,V,8,V,11,V,11,V,9,V,8,V,10,V
08,Barcelona,019,Barcelona,057,10,2022,4,5,12,V,8,V,6,V,6,V,8,V,6,V,6,V,7,V,20,V,11,V,21,V,21,V,11,V,8,V,6,V,9,V,8,V,8,V,9,V,9,V,11,V,14,V,14,V,11,V
08,Barcelona,019,Barcelona,057,10,2022,4,6,11,V,11,V,12,V,10,V,11,V,11,V,13,V,18,V,22,V,25,V,25,V,23,V,,N,,N,,N,,N,14,V,14,V,12,V,17,V,24,V,25,V,15,V,13,V
08,Barcelona,019,Barcelona,057,10,2022,4,7,18,V,16,V,12,V,12,V,12,V,14,V,13,V,11,V,10,V,4,V,6,V,10,V,16,V,18,V,20,V,11,V,28,V,,N,,N,,N,,N,,N,,N,,N
08,Barcelona,019,Barcelona,004,10,2022,4,4,16,V,15,V,19,V,10,V,6,V,10,V,15,V,23,V,19,V,25,V,26,V,24,V,20,V,10,V,6,V,11,V,18,V,20,V,24,V,26,V,20,V,8,V,10,V,13,V
08,Barcelona,019,Barcelona,004,10,2022,4,5,21,V,21,V,21,V,16,V,14,V,12,V,16,V,42,V,28,V,37,V,30,V,26,V,21,V,14,V,14,V,18,V,15,V,21,V,25,V,18,V,24,V,20,V,20,V,19,V
08,Barcelona,019,Barcelona,004,10,2022,4,6,23,V,25,V,20,V,20,V,16,V,18,V,21,V,35,V,42,V,48,V,46,V,57,V,35,V,26,V,31,V,13,V,30,V,61,V,57,V,20,V,34,V,24,V,15,V,38,V
08,Barcelona,019,Barcelona,004,10,2022,4,7,39,V,35,V,31,V,28,V,25,V,20,V,26,V,42,V,54,V,52,V,19,V,23,V,33,V,42,V,27,V,51,V,63,V,,N,,N,,N,,N,,N,,N,,N
08,Barcelona,019,Barcelona,054,10,2022,4,4,8,V,8,V,12,V,7,V,6,V,6,V,7,V,10,V,12,V,12,V,11,V,13,V,7,V,7,V,9,V,6,V,12,V,6,V,9,V,13,V,13,V,13,V,10,V,12,V
08,Barcelona,019,Barcelona,054,10,2022,4,5,16,V,19,V,10,V,7,V,5,V,6,V,4,V,8,V,15,V,16,V,10,V,7,V,7,V,15,V,13,V,6,V,6,V,8,V,11,V,13,V,15,V,17,V,20,V,15,V
08,Barcelona,019,Barcelona,054,10,2022,4,6,15,V,13,V,15,V,7,V,7,V,11,V,13,V,20,V,28,V,29,V,20,V,29,V,23,V,15,V,11,V,12,V,12,V,17,V,17,V,25,V,26,V,30,V,21,V,20,V
08,Barcelona,019,Barcelona,054,10,2022,4,7,17,V,17,V,15,V,15,V,22,V,18,V,12,V,12,V,18,V,13,V,8,V,10,V,45,V,31,V,24,V,18,V,14,V,,N,,N,,N,,N,,N,,N,,N
08,Barcelona,019,Barcelona,057,9,2022,4,4,4,V,7,V,9,V,9,V,9,V,8,V,9,V,10,V,11,V,10,V,9,V,8,V,8,V,11,V,10,V,8,V,7,V,7,V,6,V,7,V,7,V,6,V,7,V,8,V
08,Barcelona,019,Barcelona,057,9,2022,4,5,9,V,7,V,5,V,5,V,7,V,6,V,5,V,5,V,11,V,9,V,12,V,13,V,7,V,5,V,5,V,7,V,6,V,6,V,6,V,7,V,7,V,8,V,9,V,7,V
08,Barcelona,019,Barcelona,057,9,2022,4,6,7,V,8,V,7,V,7,V,9,V,8,V,10,V,11,V,12,V,13,V,14,V,14,V,,N,,N,,N,,N,10,V,8,V,8,V,9,V,11,V,16,V,10,V,9,V
08,Barcelona,019,Barcelona,057,9,2022,4,7,11,V,12,V,10,V,10,V,10,V,10,V,8,V,7,V,5,V,2,V,3,V,4,V,7,V,5,V,5,V,3,V,6,V,,N,,N,,N,,N,,N,,N,,N
08,Barcelona,019,Barcelona,043,901,2022,4,4,0,V,0,V,0,V,0,V,0,V,0,V,0,V,0,V,0,V,0,V,0,V,0,V,0,V,0,V,0,V,0,V,0,V,0,V,0,V,0,V,0,V,0,V,0,V,0,V
08,Barcelona,019,Barcelona,043,901,2022,4,5,0,V,0,V,0,V,0,V,0,V,0,V,0,V,0,V,0,V,0,V,0,V,0,V,0,V,0,V,0,V,0,V,0,V,0,V,0,V,0,V,0,V,0,V,0,V,0,V
08,Barcelona,019,Barcelona,043,901,2022,4,6,0,V,0,V,0,V,0,V,0,V,0,V,0,V,0,V,0,V,0,V,0,V,0,V,0,V,0,V,0,V,0,V,0,V,0,V,0,V,0,V,0,V,0,V,0,V,0,V
08,Barcelona,019,Barcelona,043,901,2022,4,7,0,V,0,V,0,V,0,V,0,V,0,V,0,V,0,V,0,V,0,V,0,V,0,V,0,V,0,V,0,V,0,V,0,V,,N,,N,,N,,N,,N,,N,,N
08,Barcelona,019,Barcelona,054,901,2022,4,4,0,V,0,V,0,V,0,V,0,V,0,V,0,V,0,V,0,V,0,V,0,V,0,V,0,V,0,V,0,V,0,V,0,V,0,V,0,V,0,V,0,V,0,V,0,V,0,V
08,Barcelona,019,Barcelona,054,901,2022,4,5,0,V,0,V,0,V,0,V,0,V,0,V,0,V,0,V,0,V,0,V,0,V,0,V,0,V,0,V,0,V,0,V,0,V,0,V,0,V,0,V,0,V,0,V,0,V,0,V
08,Barcelona,019,Barcelona,054,901,2022,4,6,0,V,0,V,0,V,0,V,0,V,0,V,0,V,0,V,0,V,0,V,0,V,0,V,0,V,0,V,0,V,0,V,0,V,0,V,0,V,0,V,0,V,0,V,0,V,0,V
08,Barcelona,019,Barcelona,054,901,2022,4,7,0,V,0,V,0,V,0,V,0,V,0,V,0,V,0,V,0,V,0,V,0,V,0,V,0,V,0,V,0,V,0,V,0,V,,N,,N,,N,,N,,N,,N,,N
08,Barcelona,019,Barcelona,043,1,2022,4,4,2,V,2,V,2,V,1,V,1,V,1,V,1,V,2,V,3,V,2,V,2,V,2,V,2,V,1,V,1,V,2,V,2,V,2,V,2,V,2,V,2,V,2,V,2,V,2,V
08,Barcelona,019,Barcelona,043,1,2022,4,5,2,V,1,V,2,V,2,V,1,V,2,V,2,V,3,V,5,V,3,V,2,V,2,V,2,V,2,V,2,V,2,V,2,V,2,V,2,V,2,V,2,V,2,V,2,V,2,V
08,Barcelona,019,Barcelona,043,1,2022,4,6,2,V,2,V,2,V,2,V,1,V,1,V,1,V,2,V,2,V,2,V,3,V,3,V,3,V,3,V,2,V,2,V,2,V,2,V,2,V,1,V,1,V,1,V,1,V,2,V
08,Barcelona,019,Barcelona,043,1,2022,4,7,2,V,1,V,1,V,2,V,2,V,2,V,2,V,3,V,3,V,2,V,2,V,2,V,3,V,3,V,2,V,1,V,1,V,,N,,N,,N,,N,,N,,N,,N
08,Barcelona,019,Barcelona,044,1,2022,4,4,3,V,4,V,4,V,4,V,4,V,4,V,4,V,4,V,5,V,5,V,,N,,N,,N,,N,,N,,N,4,V,4,V,4,V,4,V,4,V,4,V,4,V,4,V
08,Barcelona,019,Barcelona,044,1,2022,4,5,3,V,3,V,3,V,3,V,3,V,3,V,3,V,4,V,5,V,4,V,4,V,4,V,4,V,4,V,4,V,4,V,4,V,4,V,4,V,4,V,4,V,4,V,3,V,4,V
08,Barcelona,019,Barcelona,044,1,2022,4,6,4,V,4,V,4,V,4,V,4,V,4,V,4,V,4,V,5,V,6,V,5,V,5,V,5,V,5,V,4,V,5,V,5,V,4,V,4,V,4,V,4,V,3,V,3,V,4,V
08,Barcelona,019,Barcelona,044,1,2022,4,7,4,V,3,V,4,V,4,V,4,V,4,V,4,V,4,V,4,V,4,V,4,V,5,V,5,V,5,V,5,V,4,V,4,V,,N,,N,,N,,N,,N,,N,,N
08,Barcelona,019,Barcelona,057,1,2022,4,4,1,V,1,V,1,V,1,V,1,V,1,V,1,V,1,V,1,V,1,V,1,V,2,V,1,V,2,V,2,V,1,V,1,V,1,V,1,V,1,V,1,V,1,V,1,V,1,V
08,Barcelona,019,Barcelona,057,1,2022,4,5,1,V,1,V,1,V,1,V,1,V,1,V,1,V,1,V,3,V,2,V,2,V,2,V,2,V,2,V,1,V,2,V,1,V,1,V,2,V,1,V,1,V,1,V,1,V,1,V
08,Barcelona,019,Barcelona,057,1,2022,4,6,1,V,1,V,1,V,1,V,1,V,1,V,1,V,1,V,1,V,2,V,2,V,2,V,,N,,N,,N,,N,2,V,2,V,2,V,1,V,1,V,1,V,1,V,1,V
08,Barcelona,019,Barcelona,057,1,2022,4,7,1,V,1,V,2,V,1,V,1,V,1,V,1,V,1,V,2,V,2,V,2,V,2,V,2,V,2,V,2,V,2,V,2,V,,N,,N,,N,,N,,N,,N,,N
08,Barcelona,019,Barcelona,054,1,2022,4,4,1,V,2,V,1,V,1,V,1,V,1,V,2,V,2,V,1,V,2,V,1,V,1,V,2,V,1,V,2,V,1,V,2,V,1,V,1,V,1,V,1,V,1,V,2,V,2,V
08,Barcelona,019,Barcelona,054,1,2022,4,5,1,V,1,V,1,V,1,V,1,V,1,V,1,V,1,V,2,V,2,V,2,V,2,V,2,V,2,V,2,V,1,V,1,V,1,V,1,V,1,V,1,V,1,V,1,V,2,V
08,Barcelona,019,Barcelona,054,1,2022,4,6,1,V,1,V,1,V,2,V,1,V,2,V,1,V,2,V,2,V,2,V,2,V,2,V,2,V,2,V,2,V,2,V,2,V,2,V,2,V,1,V,1,V,1,V,1,V,1,V
08,Barcelona,019,Barcelona,054,1,2022,4,7,1,V,1,V,1,V,1,V,1,V,1,V,1,V,1,V,2,V,1,V,2,V,2,V,2,V,2,V,2,V,2,V,2,V,,N,,N,,N,,N,,N,,N,,N
08,Barcelona,019,Barcelona,057,106,2022,4,4,0.07,V,0.07,V,0.06,V,0.06,V,0.05,V,0.08,V,0.06,V,0.14,V,0.28,V,0.13,V,0.1,V,0.07,V,0.1,V,0.1,V,0.12,V,0.1,V,0.1,V,0.05,V,0.06,V,0.06,V,0.1,V,0.15,V,0.17,V,0.19,V
08,Barcelona,019,Barcelona,057,106,2022,4,5,0.17,V,0.09,V,0.13,V,0.08,V,0.1,V,0.09,V,0.08,V,0.14,V,0.66,V,0.17,V,0.29,V,0.23,V,0.16,V,0.13,V,0.12,V,0.09,V,0.09,V,0.07,V,0.07,V,0.12,V,0.14,V,0.09,V,0.07,V,0.06,V
08,Barcelona,019,Barcelona,057,106,2022,4,6,0.09,V,0.15,V,0.11,V,0.13,V,0.13,V,0.11,V,0.12,V,0.21,V,0.33,V,0.28,V,0.2,V,0.05,V,,N,,N,,N,,N,0.04,V,0.03,V,0.04,V,0.02,V,0.07,V,0.12,V,0.15,V,0.18,V
08,Barcelona,019,Barcelona,057,106,2022,4,7,0.19,V,0.14,V,0.05,V,0.06,V,0.05,V,0.08,V,0.04,V,0.1,V,0.18,V,0.02,V,0.02,V,0.03,V,0.02,V,0.02,V,0.08,V,0.1,V,0.05,V,,N,,N,,N,,N,,N,,N,,N
08,Barcelona,019,Barcelona,057,108,2022,4,4,26.8,V,20.49,V,9.67,V,8.74,V,10.53,V,17.91,V,12.39,V,40.28,V,59.68,V,32.79,V,17.28,V,8.77,V,8.23,V,14.15,V,10.42,V,10.9,V,7.7,V,7.49,V,7.61,V,11.09,V,13.56,V,18.79,V,23.5,V,32.85,V
08,Barcelona,019,Barcelona,057,108,2022,4,5,23.26,V,12.35,V,8.44,V,7.88,V,6.66,V,5.75,V,10.96,V,30.75,V,88.98,V,18.38,V,44.88,V,41.77,V,22.75,V,18.98,V,15.8,V,15.76,V,10.89,V,12.64,V,19.03,V,25.45,V,35.1,V,31.44,V,23.81,V,16.26,V
08,Barcelona,019,Barcelona,057,108,2022,4,6,22.93,V,38.74,V,36.07,V,28.21,V,14.82,V,9.25,V,15.41,V,63.41,V,60.03,V,50.07,V,44.17,V,27.92,V,,N,,N,,N,,N,9.17,V,9.95,V,12.86,V,18.58,V,34.57,V,47.77,V,39.54,V,50.74,V
08,Barcelona,019,Barcelona,057,108,2022,4,7,65.91,V,64.33,V,31.43,V,28.75,V,26.89,V,27.35,V,24.15,V,37.51,V,43.17,V,9.92,V,8.83,V,15.58,V,21.3,V,12.56,V,10.57,V,6.24,V,11.65,V,,N,,N,,N,,N,,N,,N,,N
08,Barcelona,019,Barcelona,057,112,2022,4,4,27.75,V,20.56,V,9.84,V,8.74,V,10.51,V,18.42,V,12.63,V,44.97,V,86.63,V,40.23,V,20.57,V,11.17,V,10.51,V,17.77,V,13.04,V,13.53,V,9.07,V,8.64,V,8.39,V,11.79,V,13.96,V,19.02,V,23.69,V,33.47,V
08,Barcelona,019,Barcelona,057,112,2022,4,5,23.37,V,12.99,V,8.57,V,7.9,V,6.73,V,5.88,V,11.33,V,36.13,V,206.65,V,22.33,V,61.22,V,58.12,V,29.4,V,24.42,V,19.43,V,19.46,V,12.9,V,14.69,V,20.74,V,26.49,V,35.39,V,31.57,V,23.97,V,16.43,V
08,Barcelona,019,Barcelona,057,112,2022,4,6,23.04,V,39.68,V,38.76,V,28.29,V,14.81,V,9.57,V,15.91,V,67.87,V,76.67,V,64.83,V,61.29,V,34.62,V,,N,,N,,N,,N,10.87,V,11.62,V,14.24,V,19.44,V,34.99,V,48.04,V,40.32,V,53.36,V
08,Barcelona,019,Barcelona,057,112,2022,4,7,67.09,V,75.1,V,31.67,V,29.05,V,28.53,V,27.75,V,25.33,V,50.38,V,88.04,V,12.94,V,12.03,V,22.62,V,31.42,V,16.2,V,13.43,V,7.63,V,14.5,V,,N,,N,,N,,N,,N,,N,,N
08,Barcelona,019,Barcelona,057,107,2022,4,4,0.63,V,0.05,V,0.12,V,0,V,-0.01,V,0.33,V,0.16,V,3.07,V,17.64,V,4.87,V,2.16,V,1.57,V,1.49,V,2.37,V,1.71,V,1.72,V,0.9,V,0.75,V,0.51,V,0.46,V,0.26,V,0.15,V,0.12,V,0.4,V
08,Barcelona,019,Barcelona,057,107,2022,4,5,0.08,V,0.42,V,0.09,V,0.02,V,0.05,V,0.09,V,0.24,V,3.52,V,77.03,V,2.59,V,10.69,V,10.7,V,4.35,V,3.56,V,2.38,V,2.43,V,1.32,V,1.34,V,1.12,V,0.68,V,0.2,V,0.09,V,0.11,V,0.11,V
08,Barcelona,019,Barcelona,057,107,2022,4,6,0.07,V,0.62,V,1.76,V,0.05,V,-0.01,V,0.21,V,0.33,V,2.92,V,10.89,V,9.66,V,11.21,V,4.39,V,,N,,N,,N,,N,1.11,V,1.09,V,0.9,V,0.56,V,0.28,V,0.18,V,0.51,V,1.72,V
08,Barcelona,019,Barcelona,057,107,2022,4,7,0.77,V,7.04,V,0.16,V,0.2,V,1.07,V,0.27,V,0.77,V,8.42,V,29.37,V,1.97,V,2.09,V,4.62,V,6.62,V,2.38,V,1.87,V,0.91,V,1.87,V,,N,,N,,N,,N,,N,,N,,N
08,Barcelona,019,Barcelona,057,114,2022,4,4,52.4,V,60.7,V,64.5,V,57.8,V,55.6,V,46.3,V,54.7,V,30,V,15.7,V,44.4,V,63.7,V,77,V,76.9,V,75.1,V,82.3,V,84.8,V,86.9,V,87.9,V,89.4,V,86.8,V,85.1,V,76.1,V,67.7,V,54.3,V
08,Barcelona,019,Barcelona,057,114,2022,4,5,59.7,V,77.2,V,86.8,V,85.1,V,86.3,V,89.6,V,84.9,V,60.5,V,19.6,V,69.7,V,47.1,V,53.7,V,77.2,V,79.2,V,83.1,V,85.2,V,91.2,V,89.3,V,83.3,V,79.1,V,66.5,V,70.8,V,73.3,V,79.4,V
08,Barcelona,019,Barcelona,057,114,2022,4,6,62.5,V,39.4,V,45.4,V,55.6,V,73.3,V,81.7,V,72.8,V,24.4,V,27.4,V,29,V,47,V,62.1,V,,N,,N,,N,,N,103.9,V,98.1,V,100.2,V,98,V,73.2,V,53.9,V,55.1,V,39,V
08,Barcelona,019,Barcelona,057,114,2022,4,7,19.6,V,20.8,V,42.1,V,38.6,V,47,V,46.2,V,46.7,V,26.3,V,24.3,V,48.6,V,56.7,V,51.2,V,55,V,78,V,80.3,V,84.5,V,84.4,V,,N,,N,,N,,N,,N,,N,,N
08,Barcelona,019,Barcelona,057,110,2022,4,4,5,V,8.7,V,9.4,V,9.8,V,10,V,8.7,V,9.4,V,11.4,V,14.3,V,13,V,11.8,V,10.7,V,10.1,V,14.3,V,12.1,V,10,V,9.3,V,9.5,V,8.3,V,10.9,V,11.2,V,9.2,V,8.1,V,10.2,V
08,Barcelona,019,Barcelona,057,110,2022,4,5,11.8,V,8,V,5.9,V,6.2,V,7.6,V,6.2,V,5.7,V,7.2,V,19.9,V,11.3,V,20.5,V,21.2,V,10.9,V,7.8,V,6.5,V,8.5,V,7.9,V,8.3,V,9.2,V,8.7,V,11.3,V,13.5,V,13.5,V,10.7,V
08,Barcelona,019,Barcelona,057,110,2022,4,6,10.5,V,11.4,V,11.6,V,10.3,V,11,V,10.5,V,13,V,18.2,V,22.4,V,25.2,V,25,V,23.3,V,,N,,N,,N,,N,14.3,V,13.7,V,12.2,V,17.2,V,24,V,25,V,14.7,V,13.2,V
08,Barcelona,019,Barcelona,057,110,2022,4,7,17.5,V,16,V,12.3,V,11.8,V,12,V,13.3,V,12.7,V,11.2,V,9.8,V,3.8,V,5.5,V,10.3,V,15.7,V,17.6,V,20,V,11.2,V,28.3,V,,N,,N,,N,,N,,N,,N,,N
08,Barcelona,019,Barcelona,057,109,2022,4,4,4.3,V,7.3,V,8.6,V,9.1,V,9.3,V,8,V,8.4,V,9.9,V,10.7,V,9.5,V,8.7,V,8.2,V,8,V,11.1,V,10,V,8,V,7.2,V,6.8,V,5.7,V,6.5,V,6.6,V,6.2,V,6.5,V,8.3,V
08,Barcelona,019,Barcelona,057,109,2022,4,5,9.3,V,6.5,V,5.2,V,5.5,V,6.7,V,5.6,V,5.1,V,5.3,V,11.4,V,8.8,V,12.3,V,12.7,V,7.2,V,4.8,V,5,V,7.1,V,6.2,V,5.7,V,6.3,V,6.4,V,7.2,V,8,V,8.5,V,7,V
08,Barcelona,019,Barcelona,057,109,2022,4,6,7,V,8,V,7.3,V,7.4,V,8.5,V,8.1,V,9.4,V,10.6,V,12,V,13.5,V,14.1,V,13.4,V,,N,,N,,N,,N,9.4,V,8.2,V,8.4,V,9.4,V,10.7,V,15.6,V,10.1,V,8.5,V
08,Barcelona,019,Barcelona,057,109,2022,4,7,11.2,V,11.5,V,9.4,V,9.5,V,9.6,V,9.6,V,8,V,6.8,V,5.2,V,2.3,V,2.8,V,4.3,V,6.9,V,5.2,V,5,V,3.4,V,6.4,V,,N,,N,,N,,N,,N,,N,,N
08,Barcelona,019,Barcelona,057,101,2022,4,4,1.17,V,1.02,V,1.01,V,0.96,V,0.98,V,0.95,V,0.91,V,1.28,V,1.03,V,1.04,V,1.13,V,1.36,V,1.15,V,1.42,V,1.55,V,1.24,V,1.25,V,1.13,V,1.15,V,1.27,V,0.85,V,1.01,V,1.08,V,0.95,V
08,Barcelona,019,Barcelona,057,101,2022,4,5,0.98,V,0.9,V,0.8,V,0.95,V,1.12,V,1.18,V,0.99,V,1.22,V,2.46,V,1.41,V,1.77,V,1.72,V,1.37,V,1.36,V,1.2,V,1.42,V,1.11,V,1.16,V,1.35,V,1.33,V,1.2,V,1.22,V,1.12,V,1.16,V
08,Barcelona,019,Barcelona,057,101,2022,4,6,1,V,1.13,V,1.09,V,1.08,V,1.08,V,1.29,V,0.99,V,1,V,1.27,V,1.62,V,1.91,V,2.35,V,,N,,N,,N,,N,2.15,V,1.58,V,1.42,V,1.36,V,1.27,V,1.22,V,1.27,V,1.23,V
08,Barcelona,019,Barcelona,057,101,2022,4,7,1.25,V,1.33,V,1.31,V,1.13,V,1.13,V,1.13,V,1.2,V,1.05,V,1.42,V,1.62,V,1.66,V,2.02,V,2.33,V,2.09,V,1.57,V,1.51,V,1.37,V,,N,,N,,N,,N,,N,,N,,N
